entity_id,entity_name,fy_label,field,unit_type,reporting_currency,value_numeric,value_text,status,basis,bound_recoverable,gap_reason,source_reliability,source_doc,source_ref,source_url,extraction_note
E01,BHP Group,FY2025,revenue_total,currency,USD,51262000000.0,,OK,as_reported,0,,AFS,20-F/Annual Report 2025,OFR 5.3 Financial results,https://www.sec.gov/Archives/edgar/data/811809/000119312525183071/d35528d6k.htm,
E01,BHP Group,FY2025,revenue_south_africa,currency,USD,,Not disclosed,NOT_DISCLOSED,as_reported,0,BHP is ASX/LSE primary listed (JSE secondary only); no SA segment revenue disclosed,AFS,,,,"SA or domestic segment revenue, segmental note"
E01,BHP Group,FY2025,revenue_foreign,currency,USD,,Not disclosed,NOT_DISCLOSED,as_reported,0,Not applicable - BHP does not disclose a SA/foreign split,AFS,,,,
E01,BHP Group,FY2025,cost_of_sales,currency,,,Not disclosed,NOT_DISCLOSED,as_reported,0,"Not disclosed as a discrete IFRS line; reports 'Expenses excluding net finance costs' (32,319) which is not equivalent - needs Financial Statements Note 5",AFS,,,,
E01,BHP Group,FY2025,inventory,currency,USD,6978000000.0,,OK,as_reported,0,Not located in accessed excerpt - needs Financial Statements Note 14,UNSOURCED,,,,
E01,BHP Group,FY2025,trade_receivables,currency,USD,3081000000.0,,OK,as_reported,0,,AFS,20-F/Annual Report 2025,"Financial Statements Note 'Trade and other receivables' (trade receivables component of total 4,253)",https://www.sec.gov/Archives/edgar/data/811809/000119312525183071/d35528d6k.htm,
E01,BHP Group,FY2025,trade_payables,currency,USD,5082000000.0,,OK,as_reported,0,Not located in accessed excerpt - needs Financial Statements Note on payables,UNSOURCED,,,,
E01,BHP Group,FY2025,gross_debt,currency,USD,24496000000.0,,OK,as_reported,0,,AFS,20-F/Annual Report 2025,OFR 5.4 (Interest bearing liabilities),https://www.sec.gov/Archives/edgar/data/811809/000119312525183071/d35528d6k.htm,
E01,BHP Group,FY2025,debt_current,currency,USD,2018000000.0,,OK,as_reported,0,Not split in OFR summary - needs Financial Statements Note 21,UNSOURCED,,,,Portion repayable within 12 months
E01,BHP Group,FY2025,debt_noncurrent,currency,USD,22478000000.0,,OK,as_reported,0,Not split in OFR summary - needs Financial Statements Note 21,UNSOURCED,,,,Portion repayable after 12 months
E01,BHP Group,FY2025,debt_maturity_note_page,text,,,Financial Statements Note 21 'Net debt' ‚Äî Maturity profile of financial liabilities,OK,as_reported,0,,AFS,20-F 2025,,https://www.bhp.com/-/media/documents/investors/annual-reports/2025/bhpform20f2025.pdf,Page of the maturity profile table - drives DCM wallet
E01,BHP Group,FY2025,finance_costs,currency,USD,1111000000.0,,OK,as_reported,0,,AFS,20-F/Annual Report 2025,"Financial Statements 1.1 (Financial expenses, gross, before financial income)",https://www.sec.gov/Archives/edgar/data/811809/000119312525183071/d35528d6k.htm,"Net finance charges, income statement"
E01,BHP Group,FY2025,capex,currency,USD,9794000000.0,,OK,as_reported,0,,AFS,20-F/Annual Report 2025,OFR 5.2 (Capital and exploration and evaluation expenditure),https://www.sec.gov/Archives/edgar/data/811809/000119312525183071/d35528d6k.htm,
E01,BHP Group,FY2025,cash_and_equivalents,currency,USD,11894000000.0,,OK,as_reported,0,,AFS,20-F/Annual Report 2025,OFR 5.4 Debt and sources of liquidity,https://www.sec.gov/Archives/edgar/data/811809/000119312525183071/d35528d6k.htm,
E01,BHP Group,FY2025,fx_forward_notional,currency,USD,373000000.0,,OK,as_reported,0,Not located - would be in Financial Statements Note 24,UNSOURCED,,,,"Notional of FX forwards/hedges, financial instruments note"
E01,BHP Group,FY2025,committed_facilities_total,currency,USD,5500000000.0,,OK,as_reported,0,,AFS,20-F/Annual Report 2025,OFR 5.4 (Revolving credit facility),https://www.sec.gov/Archives/edgar/data/811809/000119312525183071/d35528d6k.htm,
E01,BHP Group,FY2025,undrawn_facilities,currency,USD,5500000000.0,,OK,as_reported,0,,AFS,20-F/Annual Report 2025,OFR 5.4,https://www.sec.gov/Archives/edgar/data/811809/000119312525183071/d35528d6k.htm,
E01,BHP Group,FY2025,lenders_named,text,,,Not disclosed,NOT_DISCLOSED,as_reported,0,,AFS,20-F/Annual Report 2025,OFR 5.4,https://www.sec.gov/Archives/edgar/data/811809/000119312525183071/d35528d6k.htm,Any banks named in the facilities note - compare to memo evidence
E01,BHP Group,FY2025,employees,count,,91304.0,,OK,as_reported,0,,AFS,Annual Report 2025,"OFR 2.2 (point-in-time snapshot as at 30 June 2025, employees + contractors)",https://www.sec.gov/Archives/edgar/data/811809/000119312525183071/d35528d6k.htm,
E02,Glencore,FY2025,revenue_total,currency,USD,247535000000.0,,OK,as_reported,0,,AFS,Preliminary Results 2025,"Consolidated Statement of Income, p.25",https://www.glencore.com/.rest/api/v1/documents/static/d1a49c6b-9771-4bf1-9090-7c136aac8112/GLEN-2025-Preliminary-Results.pdf,
E02,Glencore,FY2025,revenue_south_africa,currency,USD,,Not disclosed,NOT_DISCLOSED,as_reported,0,"Not disclosed as a discrete country total (SA activity spans Thermal SA coal, Ferroalloys, Kazzinc-adjacent segments) - needs geographic note",AFS,,,,"SA or domestic segment revenue, segmental note"
E02,Glencore,FY2025,revenue_foreign,currency,USD,,Not disclosed,NOT_DISCLOSED,as_reported,0,Not disclosed as a discrete split,AFS,,,,
E02,Glencore,FY2025,cost_of_sales,currency,USD,241672000000.0,,OK,as_reported,0,,AFS,Preliminary Results 2025,"Consolidated Statement of Income, p.25 (Cost of goods sold)",https://www.glencore.com/.rest/api/v1/documents/static/d1a49c6b-9771-4bf1-9090-7c136aac8112/GLEN-2025-Preliminary-Results.pdf,
E02,Glencore,FY2025,inventory,currency,USD,33955000000.0,,OK,as_reported,0,,AFS,Preliminary Results 2025,"Statement of Financial Position, p.27 (32,882 current + 1,073 non-current)",https://www.glencore.com/.rest/api/v1/documents/static/d1a49c6b-9771-4bf1-9090-7c136aac8112/GLEN-2025-Preliminary-Results.pdf,
E02,Glencore,FY2025,trade_receivables,currency,USD,23826000000.0,,OK,as_reported,0,,AFS,Preliminary Results 2025,"Statement of Financial Position, p.27 (Accounts receivable, Note 14)",https://www.glencore.com/.rest/api/v1/documents/static/d1a49c6b-9771-4bf1-9090-7c136aac8112/GLEN-2025-Preliminary-Results.pdf,
E02,Glencore,FY2025,trade_payables,currency,USD,35614000000.0,,OK,as_reported,0,,AFS,Preliminary Results 2025,"Statement of Financial Position, p.27 (Accounts payable, Note 25)",https://www.glencore.com/.rest/api/v1/documents/static/d1a49c6b-9771-4bf1-9090-7c136aac8112/GLEN-2025-Preliminary-Results.pdf,
E02,Glencore,FY2025,gross_debt,currency,USD,41486000000.0,,OK,as_reported,0,,AFS,Preliminary Results 2025,"Statement of Financial Position, p.27 / Net funding note, p.11 (Total borrowings)",https://www.glencore.com/.rest/api/v1/documents/static/d1a49c6b-9771-4bf1-9090-7c136aac8112/GLEN-2025-Preliminary-Results.pdf,
E02,Glencore,FY2025,debt_current,currency,USD,14494000000.0,,OK,as_reported,0,,AFS,Preliminary Results 2025,"Statement of Financial Position, p.27 (Current Borrowings)",https://www.glencore.com/.rest/api/v1/documents/static/d1a49c6b-9771-4bf1-9090-7c136aac8112/GLEN-2025-Preliminary-Results.pdf,Portion repayable within 12 months
E02,Glencore,FY2025,debt_noncurrent,currency,USD,26992000000.0,,OK,as_reported,0,,AFS,Preliminary Results 2025,"Statement of Financial Position, p.27 (Non-current Borrowings)",https://www.glencore.com/.rest/api/v1/documents/static/d1a49c6b-9771-4bf1-9090-7c136aac8112/GLEN-2025-Preliminary-Results.pdf,Portion repayable after 12 months
E02,Glencore,FY2025,debt_maturity_note_page,text,,,Note 21 'Borrowings',OK,as_reported,0,,AFS,"2025 Financial Statements (full audited version, due March 2026)",,https://www.glencore.com/.rest/api/v1/documents/static/b1da13a3-c736-46dd-9a44-60fb0693ad1f/GIAG%2BFS%2B%28incl.%2Bopinion%29%2B2025_signed2-.pdf,Page of the maturity profile table - drives DCM wallet
E02,Glencore,FY2025,finance_costs,currency,USD,2729000000.0,,OK,as_reported,0,,AFS,Preliminary Results 2025,"Consolidated Statement of Income, p.25 (Interest expense, gross)",https://www.glencore.com/.rest/api/v1/documents/static/d1a49c6b-9771-4bf1-9090-7c136aac8112/GLEN-2025-Preliminary-Results.pdf,"Net finance charges, income statement"
E02,Glencore,FY2025,capex,currency,USD,6892000000.0,,OK,as_reported,0,,AFS,Preliminary Results 2025,"Cash Flow Statement, p.28 (Purchase of PP&E); Industrial capex alt. measure = $7,570m",https://www.glencore.com/.rest/api/v1/documents/static/d1a49c6b-9771-4bf1-9090-7c136aac8112/GLEN-2025-Preliminary-Results.pdf,
E02,Glencore,FY2025,cash_and_equivalents,currency,USD,2945000000.0,,OK,as_reported,0,,AFS,Preliminary Results 2025,"Consolidated Statement of Financial Position, p.27",https://www.glencore.com/.rest/api/v1/documents/static/d1a49c6b-9771-4bf1-9090-7c136aac8112/GLEN-2025-Preliminary-Results.pdf,
E02,Glencore,FY2025,fx_forward_notional,currency,USD,,Not disclosed,NOT_DISCLOSED,as_reported,0,Not located in accessed excerpt - would be in Note 29 Financial instruments/derivatives,AFS,,,,"Notional of FX forwards/hedges, financial instruments note"
E02,Glencore,FY2025,committed_facilities_total,currency,USD,13285000000.0,,OK,as_reported,0,,AFS,Preliminary Results 2025,"Liquidity and funding section, p.11-12 ($9,385m 1-yr RCF + $3,900m medium-term RCF)",https://www.glencore.com/.rest/api/v1/documents/static/d1a49c6b-9771-4bf1-9090-7c136aac8112/GLEN-2025-Preliminary-Results.pdf,
E02,Glencore,FY2025,undrawn_facilities,currency,USD,12900000000.0,,OK,as_reported,0,Only 'available committed liquidity of $12.9bn' (cash+undrawn combined) disclosed in accessed excerpt - undrawn portion alone not isolated,UNSOURCED,,,,
E02,Glencore,FY2025,lenders_named,text,,,Not disclosed,NOT_DISCLOSED,as_reported,0,,AFS,Preliminary Results 2025,"Liquidity and funding, p.11-12",https://www.glencore.com/.rest/api/v1/documents/static/d1a49c6b-9771-4bf1-9090-7c136aac8112/GLEN-2025-Preliminary-Results.pdf,Any banks named in the facilities note - compare to memo evidence
E02,Glencore,FY2025,employees,count,,140000.0,,OK,as_reported,0,,AFS,Preliminary Results 2025,"Notes for Editors, p.3 ('over 140,000 employees and contractors')",https://www.glencore.com/.rest/api/v1/documents/static/d1a49c6b-9771-4bf1-9090-7c136aac8112/GLEN-2025-Preliminary-Results.pdf,
E03,Anglo American,FY2025,revenue_total,currency,USD,18546000000.0,,OK,as_reported,0,,AFS,Preliminary Results 2025 (continuing operations),p.1 (Continuing operations only; total Group figure incl. discontinued ops not isolated in accessed excerpt),https://www.angloamerican.com/~/media/Files/A/Anglo-American-Group-v9/PLC/media/press-release/releases/2026pr/anglo-american-preliminary-results-for-the-year-ended-31-december-2025.pdf,
E03,Anglo American,FY2025,revenue_south_africa,currency,USD,,Not disclosed,NOT_DISCLOSED,as_reported,0,"Not disclosed as a single consolidated SA total (spans Kumba, Thermal SA coal, Ferroalloys-adjacent) - needs geographic note",AFS,,,,"SA or domestic segment revenue, segmental note"
E03,Anglo American,FY2025,revenue_foreign,currency,USD,,Not disclosed,NOT_DISCLOSED,as_reported,0,Not disclosed as a discrete split,AFS,,,,
E03,Anglo American,FY2025,cost_of_sales,currency,USD,,Not disclosed,NOT_DISCLOSED,as_reported,0,Not located in accessed excerpt - needs Condensed Financial Statements income statement note,AFS,,,,
E03,Anglo American,FY2025,inventory,currency,USD,3819000000.0,,OK,as_reported,0,"Only YoY movement disclosed ($0.7bn inflow), not balance - needs balance sheet",UNSOURCED,,,,
E03,Anglo American,FY2025,trade_receivables,currency,USD,2390000000.0,,OK,as_reported,0,"Only YoY movement disclosed ($0.9bn outflow), not balance - needs balance sheet",UNSOURCED,,,,
E03,Anglo American,FY2025,trade_payables,currency,USD,2479000000.0,,OK,as_reported,0,"Only YoY movement disclosed ($0.8bn inflow), not balance - needs balance sheet",UNSOURCED,,,,
E03,Anglo American,FY2025,gross_debt,currency,USD,15481000000.0,,OK,as_reported,0,"Not explicit in excerpt; net debt ($8,571m) + cash ($6,400m) implies ~$14,971m but not directly confirmed - needs Note on borrowings",UNSOURCED,,,,
E03,Anglo American,FY2025,debt_current,currency,USD,1075000000.0,,OK,as_reported,0,Not located - needs Condensed Financial Statements borrowings note,UNSOURCED,,,,Portion repayable within 12 months
E03,Anglo American,FY2025,debt_noncurrent,currency,USD,14406000000.0,,OK,as_reported,0,Not located - needs Condensed Financial Statements borrowings note,UNSOURCED,,,,Portion repayable after 12 months
E03,Anglo American,FY2025,debt_maturity_note_page,text,,,Note 23 'Borrowings' and Note 26 'Financial risk management',OK,as_reported,0,"Not located - weighted average bond maturity of 8.1 years disclosed, but no specific note/page reference found",UNSOURCED,,,,Page of the maturity profile table - drives DCM wallet
E03,Anglo American,FY2025,finance_costs,currency,USD,677000000.0,,OK,as_reported,0,,AFS,Preliminary Results 2025,"p.6 (Net finance costs, continuing ops, before special items; gross interest expense not separately given)",https://www.angloamerican.com/~/media/Files/A/Anglo-American-Group-v9/PLC/media/press-release/releases/2026pr/anglo-american-preliminary-results-for-the-year-ended-31-december-2025.pdf,"Net finance charges, income statement"
E03,Anglo American,FY2025,capex,currency,USD,3300000000.0,,OK,as_reported,0,,AFS,Preliminary Results 2025,"p.8 (Total capital expenditure, continuing operations)",https://www.angloamerican.com/~/media/Files/A/Anglo-American-Group-v9/PLC/media/press-release/releases/2026pr/anglo-american-preliminary-results-for-the-year-ended-31-december-2025.pdf,
E03,Anglo American,FY2025,cash_and_equivalents,currency,USD,6436000000.0,,OK,as_reported,0,,AFS,Preliminary Results 2025,p.9 (Liquidity and funding),https://www.angloamerican.com/~/media/Files/A/Anglo-American-Group-v9/PLC/media/press-release/releases/2026pr/anglo-american-preliminary-results-for-the-year-ended-31-december-2025.pdf,
E03,Anglo American,FY2025,fx_forward_notional,currency,USD,,Not disclosed,NOT_DISCLOSED,as_reported,0,Not located in accessed excerpt,AFS,,,,"Notional of FX forwards/hedges, financial instruments note"
E03,Anglo American,FY2025,committed_facilities_total,currency,USD,12436000000.0,,OK,as_reported,0,Only undrawn portion disclosed in excerpt; drawn portion of facilities not isolated,UNSOURCED,,,,
E03,Anglo American,FY2025,undrawn_facilities,currency,USD,6000000000.0,,OK,as_reported,0,,AFS,Preliminary Results 2025,p.9 (Liquidity and funding),https://www.angloamerican.com/~/media/Files/A/Anglo-American-Group-v9/PLC/media/press-release/releases/2026pr/anglo-american-preliminary-results-for-the-year-ended-31-december-2025.pdf,
E03,Anglo American,FY2025,lenders_named,text,,,Not disclosed,NOT_DISCLOSED,as_reported,0,Not located in accessed excerpt,AFS,,,,Any banks named in the facilities note - compare to memo evidence
E03,Anglo American,FY2025,employees,count,,60000.0,,OK,as_reported,0,Not located in accessed excerpt,UNSOURCED,,,,
E04,AngloGold Ashanti,FY2025,revenue_total,currency,USD,9893000000.0,,OK,as_reported,0,,AFS,AngloGold Ashanti plc 2025 Annual Report / Q4 2025 results,Salient features / Financial review p.4,https://www.sec.gov/Archives/edgar/data/1973832/000197383226000070/a12025agaukannualreport_25.pdf,
E04,AngloGold Ashanti,FY2025,revenue_south_africa,currency,USD,,Not disclosed,NOT_DISCLOSED,as_reported,0,AGA does not disclose a discrete South Africa segment; reports by region (Africa/Americas/Australia) - South Africa itself is not an operating jurisdiction,AFS,,,,"SA or domestic segment revenue, segmental note"
E04,AngloGold Ashanti,FY2025,revenue_foreign,currency,USD,,Not disclosed,NOT_DISCLOSED,as_reported,0,Not disclosed as a SA/foreign split - see revenue_south_africa gap,AFS,,,,
E04,AngloGold Ashanti,FY2025,cost_of_sales,currency,USD,5022000000.0,,OK,as_reported,0,Not confirmed as discrete IFRS 'cost of sales' line in accessed excerpt; report cites 'Total operating costs' of $3.7bn (2024: $2.9bn) which may not be equivalent - needs Group financial statements p.156+,UNSOURCED,,,,
E04,AngloGold Ashanti,FY2025,inventory,currency,USD,1251000000.0,,OK,as_reported,0,"Not located in accessed excerpt - needs Group financial statements balance sheet/notes, p.156+",UNSOURCED,,,,
E04,AngloGold Ashanti,FY2025,trade_receivables,currency,USD,122000000.0,,OK,as_reported,0,"Not located in accessed excerpt - needs Group financial statements notes, p.156+",UNSOURCED,,,,
E04,AngloGold Ashanti,FY2025,trade_payables,currency,USD,1001000000.0,,OK,as_reported,0,"Not located in accessed excerpt - needs Group financial statements notes, p.156+",UNSOURCED,,,,
E04,AngloGold Ashanti,FY2025,gross_debt,currency,USD,2044000000.0,,OK,as_reported,0,"Not located as discrete gross borrowings figure in accessed excerpt; only net cash position ($879m) and RCF facility disclosed - needs Group financial statements notes, p.156+",UNSOURCED,,,,
E04,AngloGold Ashanti,FY2025,debt_current,currency,USD,19000000.0,,OK,as_reported,0,"Not located in accessed excerpt - needs Group financial statements notes (borrowings), p.156+",UNSOURCED,,,,Portion repayable within 12 months
E04,AngloGold Ashanti,FY2025,debt_noncurrent,currency,USD,2025000000.0,,OK,as_reported,0,"Not located in accessed excerpt - needs Group financial statements notes (borrowings), p.156+",UNSOURCED,,,,Portion repayable after 12 months
E04,AngloGold Ashanti,FY2025,debt_maturity_note_page,text,,,Financial Statements Note 34 'Financial risk management activities' – contractual maturity table,OK,as_reported,0,Not located - weighing accessed excerpt only covers Strategic Report (pp.1-50); Annual Financial Statements begin p.150,UNSOURCED,,,,Page of the maturity profile table - drives DCM wallet
E04,AngloGold Ashanti,FY2025,finance_costs,currency,USD,220000000.0,,OK,as_reported,0,"Not located in accessed excerpt - needs Group income statement, p.156+",UNSOURCED,,,,"Net finance charges, income statement"
E04,AngloGold Ashanti,FY2025,capex,currency,USD,1600000000.0,,OK,as_reported,0,,AFS,AngloGold Ashanti plc 2025 Annual Report / Q4 2025 results,Delivering on our strategy p.33 (capital expenditure),https://www.sec.gov/Archives/edgar/data/1973832/000197383226000070/a12025agaukannualreport_25.pdf,
E04,AngloGold Ashanti,FY2025,cash_and_equivalents,currency,USD,2905000000.0,,OK,as_reported,0,,AFS,AngloGold Ashanti plc 2025 Annual Report / Q4 2025 results,"Business model p.13 (cash and cash equivalents net of bank overdraft, ~$2.9bn)",https://www.sec.gov/Archives/edgar/data/1973832/000197383226000070/a12025agaukannualreport_25.pdf,
E04,AngloGold Ashanti,FY2025,fx_forward_notional,currency,USD,,Not disclosed,NOT_DISCLOSED,as_reported,0,Not located in accessed excerpt - needs financial instruments note in Group financial statements,AFS,,,,"Notional of FX forwards/hedges, financial instruments note"
E04,AngloGold Ashanti,FY2025,committed_facilities_total,currency,USD,1767000000.0,,OK,as_reported,0,,AFS,AngloGold Ashanti plc 2025 Annual Report / Q4 2025 results,Business model p.13 ($1.4bn multi-currency RCF),https://www.sec.gov/Archives/edgar/data/1973832/000197383226000070/a12025agaukannualreport_25.pdf,
E04,AngloGold Ashanti,FY2025,undrawn_facilities,currency,USD,1470000000.0,,OK,as_reported,0,,AFS,AngloGold Ashanti plc 2025 Annual Report / Q4 2025 results,Business model p.13 (RCF fully undrawn),https://www.sec.gov/Archives/edgar/data/1973832/000197383226000070/a12025agaukannualreport_25.pdf,
E04,AngloGold Ashanti,FY2025,lenders_named,text,,,Not disclosed,NOT_DISCLOSED,as_reported,0,Not located in accessed excerpt - needs borrowings note in Group financial statements,AFS,,,,Any banks named in the facilities note - compare to memo evidence
E04,AngloGold Ashanti,FY2025,employees,count,,38243.0,,OK,as_reported,0,,AFS,AngloGold Ashanti plc 2025 Annual Report / Q4 2025 results,About AngloGold Ashanti p.2 / Business model p.13,https://www.sec.gov/Archives/edgar/data/1973832/000197383226000070/a12025agaukannualreport_25.pdf,
E05,Gold Fields,FY2025,revenue_total,currency,USD,8751300000.0,,OK,as_reported,0,,AFS,Gold Fields FY2025 Reviewed Results / Annual Financial Report,Results for the Group - Revenue commentary,https://www.goldfields.com/reports/q4-2026/results-for-the-group.php,
E05,Gold Fields,FY2025,revenue_south_africa,currency,USD,,Not disclosed,NOT_DISCLOSED,commentary,0,Not disclosed as discrete SA segment revenue in results commentary; South Deep (SA operation) revenue reported separately by mine in Review of Operations - needs full IAR breakdown,AFS,,,,"SA or domestic segment revenue, segmental note"
E05,Gold Fields,FY2025,revenue_foreign,currency,USD,,Not disclosed,NOT_DISCLOSED,as_reported,0,See revenue_south_africa gap,AFS,,,,
E05,Gold Fields,FY2025,cost_of_sales,currency,USD,3680800000.0,,OK,as_reported,0,Figure is 'cost of sales before amortisation and depreciation' (non-IFRS presentation); full IFRS cost of sales line needs AFS income statement p.15-53,AFS,Gold Fields FY2025 Reviewed Results / Annual Financial Report,"Results for the Group (cost of sales before amortisation and depreciation, FY2025)",https://www.goldfields.com/reports/q4-2026/results-for-the-group.php,
E05,Gold Fields,FY2025,inventory,currency,USD,1156000000.0,,OK,as_reported,0,"Not located in accessed excerpt - needs AFS balance sheet, p.53+",UNSOURCED,,,,
E05,Gold Fields,FY2025,trade_receivables,currency,USD,380700000.0,,OK,as_reported,0,"Not located in accessed excerpt - needs AFS notes, p.53+",UNSOURCED,,,,
E05,Gold Fields,FY2025,trade_payables,currency,USD,908100000.0,,OK,as_reported,0,"Not located in accessed excerpt - needs AFS notes, p.53+",UNSOURCED,,,,
E05,Gold Fields,FY2025,gross_debt,currency,USD,2738200000.0,,OK,as_reported,0,"Only net debt ($1,442m) and gross borrowings split (non-current $2,121.4m + current per H1 disclosure) located for interim period; FY2025 year-end gross borrowings not confirmed - needs AFS balance sheet, p.53+",UNSOURCED,,,,
E05,Gold Fields,FY2025,debt_current,currency,USD,178700000.0,,OK,as_reported,0,"Not confirmed for FY2025 year-end - needs AFS notes, p.53+",UNSOURCED,,,,Portion repayable within 12 months
E05,Gold Fields,FY2025,debt_noncurrent,currency,USD,2559500000.0,,OK,as_reported,0,"Not confirmed for FY2025 year-end - needs AFS notes, p.53+",UNSOURCED,,,,Portion repayable after 12 months
E05,Gold Fields,FY2025,debt_maturity_note_page,text,,,"Not in attached IAR; the IAR provides a liquidity profile on p74, while the separate Annual Financial Report contains the detailed AFS maturity note",NOT_FOUND,as_reported,1,"Not located - needs AFS borrowings note, p.53-137",AFS,,,,Page of the maturity profile table - drives DCM wallet
E05,Gold Fields,FY2025,finance_costs,currency,USD,120700000.0,,OK,as_reported,0,"H1 2025 finance expense of $44m located, but full FY2025 figure not confirmed - needs AFS income statement, p.15+",UNSOURCED,,,,"Net finance charges, income statement"
E05,Gold Fields,FY2025,capex,currency,USD,1399000000.0,,OK,as_reported,0,,AFS,Gold Fields FY2025 Reviewed Results / Annual Financial Report,Annual Financial Report MD&A (capital expenditure FY2025),https://www.goldfields.com/reports/q4-2026/results-for-the-group.php,
E05,Gold Fields,FY2025,cash_and_equivalents,currency,USD,1779200000.0,,OK,as_reported,0,"H1 2025 figure ($1,066.5m) located but FY2025 year-end figure not confirmed - needs AFS balance sheet, p.53+",UNSOURCED,,,,
E05,Gold Fields,FY2025,fx_forward_notional,currency,USD,0.0,,OK,as_reported,0,Not located in accessed excerpt - needs financial instruments note in AFS,UNSOURCED,,,,"Notional of FX forwards/hedges, financial instruments note"
E05,Gold Fields,FY2025,committed_facilities_total,currency,USD,,Not disclosed,NOT_DISCLOSED,as_reported,0,Not located in accessed excerpt - needs AFS borrowings note,AFS,,,,
E05,Gold Fields,FY2025,undrawn_facilities,currency,USD,,Not disclosed,NOT_DISCLOSED,as_reported,0,Not located in accessed excerpt - needs AFS borrowings note,AFS,,,,
E05,Gold Fields,FY2025,lenders_named,text,,,Not disclosed,NOT_DISCLOSED,as_reported,0,Not located in accessed excerpt - needs AFS borrowings note; May 2025 US$750m notes issuance noted but underwriters/lenders not identified,AFS,,,,Any banks named in the facilities note - compare to memo evidence
E05,Gold Fields,FY2025,employees,count,,23235.0,,OK,as_reported,0,Not located in accessed excerpt - needs IAR workforce disclosure,UNSOURCED,,,,
E06,Valterra Platinum,FY2025,revenue_total,currency,ZAR,116330000000,,OK,commentary,0,,UNSOURCED,,,,"Salient features/2025 overview table (Revenue R116,330m)"
E06,Valterra Platinum,FY2025,revenue_south_africa,currency,ZAR,10771000000.0,,OK,as_reported,0,,UNSOURCED,,,,"p.26, Note 1 Gross revenue - 'Gross sales revenue by country' table (South Africa R10,771m; basis = gross revenue, countries individually ≥5% of group revenue)"
E06,Valterra Platinum,FY2025,revenue_foreign,currency,ZAR,105627000000,,OK,derived,0,,UNSOURCED,,,,"Derived: Gross revenue R116,398m (p.21, Note 1) less South Africa R10,771m (p.26, Note 1 country table) = R105,627m rest-of-world"
E06,Valterra Platinum,FY2025,cost_of_sales,currency,ZAR,87772000000.0,,OK,commentary,0,,UNSOURCED,,,,"Performance highlights table (Cost of sales R87,772m)"
E06,Valterra Platinum,FY2025,inventory,currency,ZAR,32931000000.0,,OK,as_reported,0,,UNSOURCED,,,,"p.22 Consolidated statement of financial position: non-current inventories R4,844m + current inventories R28,087m = R32,931m"
E06,Valterra Platinum,FY2025,trade_receivables,currency,ZAR,4806000000.0,,OK,as_reported,0,,UNSOURCED,,,,"p.22 Consolidated statement of financial position: non-current trade and other receivables R711m + current trade and other receivables R4,095m = R4,806m (note 20)"
E06,Valterra Platinum,FY2025,trade_payables,currency,ZAR,21923000000.0,,OK,as_reported,0,,UNSOURCED,,,,"p.22 Consolidated statement of financial position, current liabilities: Trade and other payables R21,923m (note 27; no separate non-current trade payables line)"
E06,Valterra Platinum,FY2025,gross_debt,currency,ZAR,4046000000.0,,OK,as_reported,0,,UNSOURCED,,,,"p.22 Consolidated statement of financial position, current liabilities: Borrowings R4,046m (note 24)"
E06,Valterra Platinum,FY2025,debt_current,currency,ZAR,4046000000.0,,OK,as_reported,0,,UNSOURCED,,,,"p.22 Consolidated statement of financial position: Borrowings R4,046m are classified entirely within current liabilities"
E06,Valterra Platinum,FY2025,debt_noncurrent,currency,ZAR,0.0,,OK,as_reported,0,,UNSOURCED,,,,"p.22 Consolidated statement of financial position: no separate non-current borrowings line item; all R4,046m of borrowings is current"
E06,Valterra Platinum,FY2025,debt_maturity_note_page,text,,,"Note 24 'Borrowings' - Maturity of facilities table, page 44 of the AFS. Supplementary liquidity-risk maturity table (covering borrowings, lease liabilities, trade and other payables) in Note 36 'Financial instruments', page 63.",OK,as_reported,0,,UNSOURCED,,,,"Note 24, page 44 (primary); Note 36, page 63 (supplementary)"
E06,Valterra Platinum,FY2025,finance_costs,currency,ZAR,1209000000.0,,OK,as_reported,0,,UNSOURCED,,,,"p.30, Note 6 Finance costs: total R1,209m (2024: R1,142m)"
E06,Valterra Platinum,FY2025,capex,currency,ZAR,17319000000.0,,OK,as_reported,0,,UNSOURCED,,,,"Consolidated statement of cash flows, page 24: 'Purchase of property, plant and equipment (includes interest capitalised)' R17,319m; reconciled in Note 33, page 51 (Discretionary R4,449m + Sustaining R8,516m + Waste stripping R4,019m + Interest capitalised R335m = R17,319m)"
E06,Valterra Platinum,FY2025,cash_and_equivalents,currency,ZAR,16602000000.0,,OK,as_reported,0,,UNSOURCED,,,,"p.22 Consolidated statement of financial position / p.23 cash flow statement, note 19: Cash and cash equivalents R16,602m"
E06,Valterra Platinum,FY2025,fx_forward_notional,currency,ZAR,,Not disclosed,NOT_DISCLOSED,as_reported,0,,AFS,,,,"Note 36, page 60 (fair value only; notional not disclosed)"
E06,Valterra Platinum,FY2025,committed_facilities_total,currency,ZAR,30602000000.0,,OK,as_reported,0,,UNSOURCED,,,,"Note 24 'Borrowings', page 44: Total facilities (committed) R30,602m at 31 December 2025."
E06,Valterra Platinum,FY2025,undrawn_facilities,currency,ZAR,26556000000.0,,OK,derived,0,,UNSOURCED,,,,"Derived from Note 24, page 44: Total committed facilities R30,602m less utilised amount R4,046m = R26,556m. (Directors' report, page 11, rounds this to 'R27 billion'.)"
E06,Valterra Platinum,FY2025,lenders_named,text,,,"Standard Bank of South Africa Limited (R4,000m facility, R4,000m utilised); Absa Bank Limited (R4,000m facility, R46m utilised); Nedbank Limited (R4,000m facility, undrawn); FirstRand Bank Limited (R3,500m facility, undrawn); Investec Limited (R1,000m facility, undrawn); Rand Merchant Bank (R800m facility, undrawn, plus joint Rand Merchant Bank/Standard Bank Bridge facility of R5,000m, undrawn); and a US dollar syndicated facility of R8,302m with various lenders (not individually named).",NOT_DISCLOSED,as_reported,1,,AFS,,,,"Note 24 'Borrowings', page 44"
E06,Valterra Platinum,FY2025,employees,count,,28616.0,,OK,as_reported,0,,NON_AFS,,,,"Not located in AFS (Note 26, page 47, gives costs only, no headcount)"
E07,OUTsurance Group,FY2025,revenue_total,currency,ZAR,37131000000.0,,OK,as_reported,0,,UNSOURCED,,,,"p.17 Consolidated statement of profit or loss (Insurance revenue R37,131m)"
E07,OUTsurance Group,FY2025,revenue_south_africa,currency,ZAR,14484000000.0,,OK,as_reported,0,,UNSOURCED,,,,"Note 4 'Segment information', page 58: SA-domiciled operations = OUTsurance SA Personal & Business P&C (R13,347m) + OUTsurance Life (R1,137m) = R14,484m"
E07,OUTsurance Group,FY2025,revenue_foreign,currency,ZAR,22647000000.0,,OK,as_reported,0,,UNSOURCED,,,,"Note 4 'Segment information', page 58: foreign operations = Youi Group Australia (R22,550m) + OUTsurance Ireland (R97m) = R22,647m. Sum with SA (R14,484m) reconciles to total insurance revenue R37,131m."
E07,OUTsurance Group,FY2025,cost_of_sales,currency,ZAR,,Not disclosed,NOT_DISCLOSED,unknown,0,,AFS,,,,
E07,OUTsurance Group,FY2025,inventory,currency,ZAR,,Not disclosed,NOT_DISCLOSED,unknown,0,,AFS,,,,
E07,OUTsurance Group,FY2025,trade_receivables,currency,ZAR,1866000000.0,,OK,as_reported,0,,UNSOURCED,,,,p.19 Consolidated statement of financial position - nearest analogue: 'Other receivables' (no separate 'trade receivables' line for this insurer)
E07,OUTsurance Group,FY2025,trade_payables,currency,ZAR,1434000000.0,,OK,as_reported,0,,UNSOURCED,,,,p.19 Consolidated statement of financial position - nearest analogue: 'Other payables' (no separate 'trade payables' line for this insurer)
E07,OUTsurance Group,FY2025,gross_debt,currency,ZAR,0.0,,OK,as_reported,0,,UNSOURCED,,,,"p.19 Consolidated statement of financial position ('Financial liabilities at amortised cost' = nil at 30 June 2025, down from R774m in FY2024)"
E07,OUTsurance Group,FY2025,debt_current,currency,ZAR,0.0,,OK,as_reported,0,,UNSOURCED,,,,p.19 (financial liabilities at amortised cost fully repaid during FY2025)
E07,OUTsurance Group,FY2025,debt_noncurrent,currency,ZAR,0.0,,OK,as_reported,0,,UNSOURCED,,,,p.19 (financial liabilities at amortised cost fully repaid during FY2025)
E07,OUTsurance Group,FY2025,debt_maturity_note_page,text,,,"Not meaningfully applicable for FY2025: the Group's only interest-bearing debt (the revolving credit facility) was fully repaid during the year, so the closing balance at 30 June 2025 is Rnil (Note 33, page 149) and no maturity profile is presented for the current year. The prior-year (FY2024) current/non-current split of the then-outstanding R774m RCF balance is shown in Note 38, page 152.",NOT_APPLICABLE,as_reported,1,,AFS,,,,"Note 33, page 149 (facility terms); Note 38, page 152 (FY2024 current/non-current split)"
E07,OUTsurance Group,FY2025,finance_costs,currency,ZAR,136000000.0,,OK,as_reported,0,,UNSOURCED,,,,"p.17 Consolidated statement of profit or loss, note 10 (Finance costs R136m)"
E07,OUTsurance Group,FY2025,capex,currency,ZAR,373000000.0,,OK,as_reported,0,,UNSOURCED,,,,"p.21 Consolidated statement of cash flows, note 15 ('Property and equipment acquired to maintain and expand operations' R373m)"
E07,OUTsurance Group,FY2025,cash_and_equivalents,currency,ZAR,1865000000.0,,OK,as_reported,0,,UNSOURCED,,,,"p.19/21 Consolidated statement of financial position and cash flow statement, note 25 (R1,865m)"
E07,OUTsurance Group,FY2025,fx_forward_notional,currency,ZAR,199000000.0,,OK,as_reported,0,,UNSOURCED,,,,"Note 3.3.2 'Currency risk - Foreign exchange derivatives', page 45: one EUR forward exchange contract (FEC) outstanding at 30 June 2025, notional EUR 10 million, weighted average strike rate R19.93, current Rand exposure R199m, fair value R10m. Entered into to hedge a EUR10m capital injection into OUTsurance Ireland due November 2025."
E07,OUTsurance Group,FY2025,committed_facilities_total,currency,ZAR,1350000000.0,,OK,as_reported,0,,UNSOURCED,,,,"Note 3.3.3 'Credit risk', page 52 and Note 33 'Financial liabilities at amortised cost', page 149: Group has a revolving credit facility (RCF) of R1,350m, unchanged from the prior year."
E07,OUTsurance Group,FY2025,undrawn_facilities,currency,ZAR,1350000000.0,,OK,derived,0,,UNSOURCED,,,,"Derived from Note 33, page 149: RCF of R1,350m was fully repaid during FY2025 (closing balance Rnil at 30 June 2025), so the entire R1,350m facility was undrawn at year end."
E07,OUTsurance Group,FY2025,lenders_named,text,,,"Not individually named: the RCF note (Note 33, page 149) refers only to 'each lender participating in the RCF' without naming them. Rand Merchant Bank (a division of FirstRand Bank Limited) is listed in the Administration section (page 206) as the company's JSE sponsor, not as an RCF lender. FirstRand Bank Limited is separately disclosed as a business/profit-share partner for the Homeowners insurance book (Note 3.2.1 and elsewhere), unrelated to lending facilities.",NOT_DISCLOSED,as_reported,1,,AFS,,,,"Note 33, page 149 (RCF); Administration section, page 206 (sponsor)"
E07,OUTsurance Group,FY2025,employees,count,,,Not disclosed/7800,NOT_DISCLOSED,as_reported,1,,AFS,,,,Not located in the AFS (financial statements document only)
E08,Sanlam,FY2025,revenue_total,currency,ZAR,128652000000.0,,OK,constructed,0,,UNSOURCED,,,,"Constructed: Group statement of comprehensive income (p.89) 'Insurance revenue' R102,903m + 'Revenue' (Result from other operations) R25,749m = R128,652m. Sanlam does not present a single consolidated 'total revenue' line; these are the two revenue-type line items in the primary income statement."
E08,Sanlam,FY2025,revenue_south_africa,currency,ZAR,23618000000.0,,OK,as_reported,0,,UNSOURCED,,,,"Note 25.1 'Analysis of revenue - According to primary geography' (p.203): South Africa R23,618m. NOTE: this covers only the 'Revenue' (non-insurance, Result from other operations) line of R25,749m; geographic split for the R102,903m Insurance revenue line was not found in this document."
E08,Sanlam,FY2025,revenue_foreign,currency,ZAR,2131000000.0,,OK,as_reported,0,,UNSOURCED,,,,"Note 25.1 (p.203): Pan-Africa R258m + International R1,873m = R2,131m. NOTE: this covers only the 'Revenue' (non-insurance) line of R25,749m, not the R102,903m Insurance revenue line (geographic split for insurance revenue not found in this document)."
E08,Sanlam,FY2025,cost_of_sales,currency,ZAR,1507000000.0,,OK,as_reported,0,,UNSOURCED,,,,"Note 26.1 'Expenses' (p.205-206): 'Cost of sales' R1,507m, a line item within Administration and other costs. NOTE: this is a specific disclosed sub-component, not a group-wide cost-of-sales figure comparable to a retailer/miner - Sanlam is a diversified financial services group with no COGS-style income statement."
E08,Sanlam,FY2025,inventory,currency,ZAR,,Not disclosed,NOT_DISCLOSED,as_reported,0,,AFS,,,,Revised earnings framework' section
E08,Sanlam,FY2025,trade_receivables,currency,ZAR,18629000000.0,,OK,as_reported,0,,UNSOURCED,,,,"Group statement of financial position (p.89), working capital assets, Note 16.1: Trade and other receivables R18,629m"
E08,Sanlam,FY2025,trade_payables,currency,ZAR,36891000000.0,,OK,as_reported,0,,UNSOURCED,,,,"Group statement of financial position (p.89), working capital liabilities, Note 16.2: Trade and other payables R36,891m"
E08,Sanlam,FY2025,gross_debt,currency,ZAR,18578000000.0,,OK,as_reported,0,,UNSOURCED,,,,"Group statement of financial position (p.89) / Note 23.1 'Term finance comprises' (p.199-200): Interest-bearing liabilities re margin business R1,535m + Other interest-bearing liabilities R17,043m = R18,578m total term finance"
E08,Sanlam,FY2025,debt_current,currency,ZAR,6059000000.0,,OK,as_reported,0,,UNSOURCED,,,,"Note 23.3 'Maturity analysis of term finance' (p.201-202), fair value basis: 'Due within one year' R6,059m"
E08,Sanlam,FY2025,debt_noncurrent,currency,ZAR,12519000000.0,,OK,derived,0,,UNSOURCED,,,,"Derived: Total term finance R18,578m (Note 23.1) less due within one year R6,059m (Note 23.3) = R12,519m"
E08,Sanlam,FY2025,debt_maturity_note_page,text,,,"Note 23.3 'Maturity analysis of term finance', pages 201-202",OK,as_reported,0,,UNSOURCED,,,,Full maturity ladder given in <1yr / 1-2yr / 2-3yr / 3-4yr / 4-5yr / 5-10yr buckets on both fair value and undiscounted bases
E08,Sanlam,FY2025,finance_costs,currency,ZAR,2046000000.0,,OK,as_reported,0,,UNSOURCED,,,,"Note 27 'Finance cost' (p.209): Finance cost - margin business R237m + Finance cost - other (interest-bearing liabilities at FVTPL R847m + at amortised cost R810m + lease liabilities R152m = R1,809m) = R2,046m total"
E08,Sanlam,FY2025,capex,currency,ZAR,571000000.0,,OK,as_reported,0,,UNSOURCED,,,,"Group statement of cash flows (p.92): Payments made for the acquisition of equipment R484m + Payments made for the acquisition of owner-occupied properties R87m = R571m. NOTE: excludes 'Payments made for the acquisition of other intangible assets' of R304m, shown as a separate cash flow line."
E08,Sanlam,FY2025,cash_and_equivalents,currency,ZAR,36179000000.0,,OK,as_reported,0,,UNSOURCED,,,,"Group statement of financial position (p.89) / Note 18 (p.190): Cash and cash equivalents R36,179m (gross R36,193m less expected credit loss allowance R14m). Cash flow statement 'at end of the year' figure (Note 35.4) is R36,405m, a small difference likely due to consolidation/restricted-cash treatment."
E08,Sanlam,FY2025,fx_forward_notional,currency,ZAR,,"Could not extract: not disclosed as a discrete FX forward notional figure in the document supplied; foreign exchange derivatives are referenced generally under 'structured transactions' (Note 13.3.2) and currency exposure tables (Capital and risk management report), but no isolated notional amount for FX forwards specifically was located.",NOT_EXTRACTED,unknown,1,,AFS,,,,
E08,Sanlam,FY2025,committed_facilities_total,currency,ZAR,7400000000.0,,OK,as_reported,0,,UNSOURCED,,,,"Note 23.1 (p.199): Standard Bank unsecured bridge loan facility R6,500m (entered September 2024) + credit facility agreement (June 2024) totaling R900m (R600m revolving credit facility + R300m general banking facility) = R7,400m"
E08,Sanlam,FY2025,undrawn_facilities,currency,ZAR,2246000000.0,,OK,derived,0,,UNSOURCED,,,,"Derived from Note 23.1: Standard Bank bridge facility R6,500m less R4,500m drawn (balance at 31 Dec 2025) = R2,000m undrawn; plus R900m credit facility less ~R654m utilised = ~R246m undrawn. Total ≈ R2,246m (approximate, based on narrative disclosure rather than a single explicit 'undrawn facilities' figure)."
E08,Sanlam,FY2025,lenders_named,text,,,Standard Bank,OK,as_reported,0,,UNSOURCED,,,,Note 23.1 (p.199): 'An unsecured bridge loan facility was entered in September 2024 with Standard Bank.' No other lender is explicitly named for the R900m credit facility agreement referenced in the same note.
E08,Sanlam,FY2025,employees,count,,23363.0,,OK,as_reported,0,,UNSOURCED,,,,"Note 26.1 'Expenses' (p.206): 'Number of employees (excluding advisors) (unaudited): 23,363' (2024: 23,926)"
E09,Shoprite Holdings,FY2025,revenue_total,currency,ZAR,256682000000,,OK,pro_forma,0,,UNSOURCED,,,,"Pro forma statement of comprehensive income (as reported, incl. hyperinflation): Revenue R256,682m, continuing operations"
E09,Shoprite Holdings,FY2025,revenue_south_africa,currency,ZAR,236114000000,,OK,derived,0,,UNSOURCED,,,,"Derived: total revenue R256,682m less Supermarkets Non-RSA sale of merchandise R20,568m (the explicit foreign segment) = R236,114m. This treats 'Other operating segments' (OK Franchise, Medirite, Transpharm - predominantly RSA) and alternative revenue as domestic; actual RSA/foreign split may differ slightly since a small portion of 'Other operating segments' could be non-RSA."
E09,Shoprite Holdings,FY2025,revenue_foreign,currency,ZAR,20568000000.0,,OK,as_reported,0,,UNSOURCED,,,,"Sale of merchandise by segment table: Supermarkets Non-RSA R20,568m (explicit foreign/non-RSA segment; South African rest of group is treated as domestic - see revenue_south_africa note on methodology)"
E09,Shoprite Holdings,FY2025,cost_of_sales,currency,ZAR,191259000000,,OK,pro_forma,0,,UNSOURCED,,,,"Pro forma statement of comprehensive income: Cost of sales R191,259m (pro forma basis excl. hyperinflation, effectively equal to as-reported)"
E09,Shoprite Holdings,FY2025,inventory,currency,ZAR,29748000000.0,,OK,pro_forma,0,,UNSOURCED,,,,"Pro forma statement of financial position, current assets: Inventories R29,748m (confirms and refines the R29.7bn previously sourced from the auditor's Key Audit Matter disclosure)"
E09,Shoprite Holdings,FY2025,trade_receivables,currency,ZAR,6291000000.0,,OK,pro_forma,0,,UNSOURCED,,,,"Pro forma statement of financial position: non-current trade and other receivables R585m + current trade and other receivables R5,706m = R6,291m"
E09,Shoprite Holdings,FY2025,trade_payables,currency,ZAR,34160000000.0,,OK,pro_forma,0,,UNSOURCED,,,,"Pro forma statement of financial position: non-current trade and other payables R76m + current trade and other payables R34,084m = R34,160m"
E09,Shoprite Holdings,FY2025,gross_debt,currency,ZAR,6993000000.0,,OK,pro_forma,0,,UNSOURCED,,,,"Pro forma statement of financial position: non-current borrowings R6,504m + current borrowings R489m = R6,993m (excludes R1,863m bank overdrafts/short-term facilities, shown separately); corroborates Directors' Report figure of 'R7.0 billion' overall debt"
E09,Shoprite Holdings,FY2025,debt_current,currency,ZAR,489000000.0,,OK,pro_forma,0,,UNSOURCED,,,,"Pro forma statement of financial position, current liabilities: Borrowings R489m (excludes bank overdrafts/short-term facilities of R1,863m, shown as a separate line)"
E09,Shoprite Holdings,FY2025,debt_noncurrent,currency,ZAR,6504000000.0,,OK,pro_forma,0,,UNSOURCED,,,,"Pro forma statement of financial position, non-current liabilities: Borrowings R6,504m"
E09,Shoprite Holdings,FY2025,debt_maturity_note_page,text,,,Not disclosed,NOT_DISCLOSED,as_reported,0,,AFS,,,,"Not located (page 60 gives only current/non-current totals, no maturity ladder)"
E09,Shoprite Holdings,FY2025,finance_costs,currency,ZAR,4758000000.0,,OK,commentary,0,,UNSOURCED,,,,"Results commentary, 'Net finance costs' table: Net finance costs R4,758m, comprising finance charges on lease liabilities R4,171m and finance charges on borrowings/other R944m, less interest received R357m"
E09,Shoprite Holdings,FY2025,capex,currency,ZAR,8000000000.0,,OK,commentary,0,,UNSOURCED,,,,"Results commentary, 'Capital expenditure' section: ""The Group's total capital spend amounted to R8 billion for the period (2024: R7 billion)"""
E09,Shoprite Holdings,FY2025,cash_and_equivalents,currency,ZAR,9946000000.0,,OK,pro_forma,0,,UNSOURCED,,,,"Pro forma statement of financial position, current assets: Cash and cash equivalents R9,946m"
E09,Shoprite Holdings,FY2025,fx_forward_notional,currency,ZAR,,Not disclosed,NOT_DISCLOSED,as_reported,0,,AFS,,,,Not located (page 58 discusses hedging qualitatively only)
E09,Shoprite Holdings,FY2025,committed_facilities_total,currency,ZAR,,Not disclosed,NOT_DISCLOSED,as_reported,0,,AFS,,,,"Not located (page 67 mentions renewal only, no amount)"
E09,Shoprite Holdings,FY2025,undrawn_facilities,currency,ZAR,,Not disclosed,NOT_DISCLOSED,as_reported,0,,AFS,,,,Not located
E09,Shoprite Holdings,FY2025,lenders_named,text,,,Not disclosed,NOT_DISCLOSED,as_reported,0,,AFS,,,,Not located
E09,Shoprite Holdings,FY2025,employees,count,,168000.0,,OK,commentary,0,,UNSOURCED,,,,"CEO commentary: ""our 168 000 employees who as a team, continue... to represent best-in-class retail"""
E10,Bid Corporation,FY2025,revenue_total,currency,ZAR,235591182000.0,,OK,commentary,0,,UNSOURCED,,,,"Commentary: ""Net revenue of R235,6 billion (F2024: R225,9 billion) rose by 4,3%"""
E10,Bid Corporation,FY2025,revenue_south_africa,currency,ZAR,14135471000.0,,OK,derived,0,,UNSOURCED,,,,"Derived: 6% x total revenue R235,591,182,000 = R14,135,471,000 (approximate, not read directly from Note 4.1)"
E10,Bid Corporation,FY2025,revenue_foreign,currency,ZAR,,Not disclosed,NOT_DISCLOSED,derived,0,,AFS,,,,"Derived: 94% x total revenue R235,591,182,000 = R221,455,711,000 (approximate, not read directly from Note 4.1)"
E10,Bid Corporation,FY2025,cost_of_sales,currency,ZAR,177918144000.0,,OK,as_reported,0,,UNSOURCED,,,,"p.25 (24 in doc numbering) Consolidated statement of profit or loss: Cost of revenue R177,918,144 thousand"
E10,Bid Corporation,FY2025,inventory,currency,ZAR,19262680000.0,,OK,as_reported,0,,UNSOURCED,,,,"p.26 Consolidated statement of financial position, note 7.4: Inventories R19,262,680 thousand"
E10,Bid Corporation,FY2025,trade_receivables,currency,ZAR,25275650000.0,,OK,as_reported,0,,UNSOURCED,,,,"p.26 Consolidated statement of financial position, note 7.5: Trade and other receivables R25,275,650 thousand"
E10,Bid Corporation,FY2025,trade_payables,currency,ZAR,29250696000.0,,OK,as_reported,0,,UNSOURCED,,,,"p.26 Consolidated statement of financial position, note 7.6: Trade and other payables (current) R36,389,836 thousand"
E10,Bid Corporation,FY2025,gross_debt,currency,ZAR,17962925000.0,,OK,as_reported,0,,UNSOURCED,,,,"p.26 Consolidated statement of financial position, note 10.3: Long-term borrowings R14,461,050k + Short-term borrowings R3,501,875k = R17,962,925k"
E10,Bid Corporation,FY2025,debt_current,currency,ZAR,3501875000.0,,OK,as_reported,0,,UNSOURCED,,,,"p.26 Consolidated statement of financial position, note 10.3: Short-term borrowings R3,501,875 thousand"
E10,Bid Corporation,FY2025,debt_noncurrent,currency,ZAR,14461050000.0,,OK,as_reported,0,,UNSOURCED,,,,"p.26 Consolidated statement of financial position, note 10.3: Long-term borrowings R14,461,050 thousand"
E10,Bid Corporation,FY2025,debt_maturity_note_page,text,,,Not disclosed,NOT_DISCLOSED,unknown,0,,AFS,,,,
E10,Bid Corporation,FY2025,finance_costs,currency,ZAR,630700000.0,,OK,commentary,0,,UNSOURCED,,,,"Commentary: ""Net finance charges (excluding IFRS 16 charges) increased by 8,6% to R630,7 million"""
E10,Bid Corporation,FY2025,capex,currency,ZAR,6230666000.0,,OK,as_reported,0,,UNSOURCED,,,,"p.26 Consolidated statement of cash flows: Additions to property, plant and equipment R6,230,666k + Additions to intangible assets R207,221k = R6,437,887k"
E10,Bid Corporation,FY2025,cash_and_equivalents,currency,ZAR,11768592000.0,,OK,as_reported,0,,UNSOURCED,,,,"p.26 Consolidated statement of financial position: Cash and cash equivalents R11,768,592 thousand"
E10,Bid Corporation,FY2025,fx_forward_notional,currency,ZAR,,Not disclosed,NOT_DISCLOSED,unknown,0,,AFS,,,,
E10,Bid Corporation,FY2025,committed_facilities_total,currency,ZAR,,Not disclosed,NOT_DISCLOSED,unknown,0,,AFS,,,,
E10,Bid Corporation,FY2025,undrawn_facilities,currency,ZAR,26400000000.0,,OK,commentary,0,,UNSOURCED,,,,"p.15 CFO report: ""The group and its subsidiaries had, at June 30th 2025, total headroom available, including uncommitted facilities and cash and cash equivalents, of R26,4 billion."""
E10,Bid Corporation,FY2025,lenders_named,text,,,Absa Bank Limited; ASB Bank Limited; Bank of America; Bank of China Limited; BNP Paribas Fortis; Ceskoslovenska obchodni banka a.s (CSOB); Citibank; Commonwealth Bank of Australia Limited; HSBC Bank plc; Internationale Nederlanden Groep (ING); Natwest; Nedbank Limited; The Standard Bank of South Africa Limited; Standard Chartered PLC,OK,as_reported,0,,UNSOURCED,,,,Administration: Service providers - Bankers (14 banks listed)
E10,Bid Corporation,FY2025,employees,count,,30581.0,,OK,commentary,0,,UNSOURCED,,,,"p.43 ""Our Inputs"" Human capital table: Employees (#) 30 581 (also p.30: ""30 581 employees, 5% increase on prior year"")"
E11,Pepkor Holdings,FY2025,revenue_total,currency,ZAR,95340000000.0,,OK,as_reported,0,,AFS,Pepkor-annual-financial-statements-2025.docx,"p. 39, Note 1 segmental analysis",,
E11,Pepkor Holdings,FY2025,revenue_south_africa,currency,ZAR,81456000000.0,,OK,as_reported,0,Pepkor operates mainly in South Africa/Africa with Brazil operations (Pepkor's international arm); discrete SA vs foreign split not confirmed in accessed excerpt - needs AFS segmental note,AFS,Pepkor-annual-financial-statements-2025.docx,"p. 39, Note 1 segmental analysis",,"SA or domestic segment revenue, segmental note"
E11,Pepkor Holdings,FY2025,revenue_foreign,currency,ZAR,13884000000.0,,OK,as_reported,0,See revenue_south_africa gap,AFS,Pepkor-annual-financial-statements-2025.docx,"p. 39, Note 1 segmental analysis",,
E11,Pepkor Holdings,FY2025,cost_of_sales,currency,ZAR,57388000000.0,,OK,as_reported,0,Not located in accessed excerpt - needs AFS income statement,AFS,Pepkor-annual-financial-statements-2025.docx,"p. 39, Note 1 segmental analysis",,
E11,Pepkor Holdings,FY2025,inventory,currency,ZAR,18618000000.0,,OK,as_reported,0,Not located in accessed excerpt - needs AFS balance sheet,AFS,Pepkor-annual-financial-statements-2025.docx,Note 17 Inventories,,
E11,Pepkor Holdings,FY2025,trade_receivables,currency,ZAR,1551000000.0,,OK,as_reported,0,Not located in accessed excerpt (fintech credit book of ~3.5m active clients noted but not a trade receivables figure) - needs AFS notes,AFS,Pepkor-annual-financial-statements-2025.docx,Note 15 Trade and other receivables – gross trade receivables,,
E11,Pepkor Holdings,FY2025,trade_payables,currency,ZAR,12023000000.0,,OK,as_reported,0,Not located in accessed excerpt - needs AFS notes,AFS,Pepkor-annual-financial-statements-2025.docx,Note 25 Trade and other payables,,
E11,Pepkor Holdings,FY2025,gross_debt,currency,ZAR,13383000000.0,,OK,as_reported,0,Not located in accessed excerpt - needs AFS notes,AFS,Pepkor-annual-financial-statements-2025.docx,"p. 21, interest-bearing loans and borrowings",,
E11,Pepkor Holdings,FY2025,debt_current,currency,ZAR,1200000000.0,,OK,as_reported,0,Not located in accessed excerpt - needs AFS notes,AFS,Pepkor-annual-financial-statements-2025.docx,"p. 21, current interest-bearing loans and borrowings",,Portion repayable within 12 months
E11,Pepkor Holdings,FY2025,debt_noncurrent,currency,ZAR,12183000000.0,,OK,as_reported,0,Not located in accessed excerpt - needs AFS notes,AFS,Pepkor-annual-financial-statements-2025.docx,"p. 21, non-current interest-bearing loans and borrowings",,Portion repayable after 12 months
E11,Pepkor Holdings,FY2025,debt_maturity_note_page,text,,,Note 30.6 – liquidity risk / contractual maturity analysis,OK,as_reported,0,Not located - needs AFS borrowings note,AFS,Pepkor-annual-financial-statements-2025.docx,Note 30.6,,Page of the maturity profile table - drives DCM wallet
E11,Pepkor Holdings,FY2025,finance_costs,currency,ZAR,3354000000.0,,OK,as_reported,0,Not located in accessed excerpt - needs AFS income statement,AFS,Pepkor-annual-financial-statements-2025.docx,Note 5,,"Net finance charges, income statement"
E11,Pepkor Holdings,FY2025,capex,currency,ZAR,2404000000.0,,OK,as_reported,0,Not located in accessed excerpt - needs AFS cash flow statement,AFS,Pepkor-annual-financial-statements-2025.docx,"p. 23, cash flow: additions to PPE",,
E11,Pepkor Holdings,FY2025,cash_and_equivalents,currency,ZAR,5066000000.0,,OK,as_reported,0,Not located in accessed excerpt - needs AFS balance sheet,AFS,Pepkor-annual-financial-statements-2025.docx,"p. 21, statement of financial position",,
E11,Pepkor Holdings,FY2025,fx_forward_notional,currency,ZAR,3517000000.0,,OK,as_reported,0,Not located in accessed excerpt - needs AFS financial instruments note,AFS,Pepkor-annual-financial-statements-2025.docx,Note 30.3 foreign currency forward contracts,,"Notional of FX forwards/hedges, financial instruments note"
E11,Pepkor Holdings,FY2025,committed_facilities_total,currency,ZAR,3000000000.0,,OK,as_reported,0,Not located in accessed excerpt - needs AFS notes,AFS,Pepkor-annual-financial-statements-2025.docx,Note 20; R2.0bn + R1.0bn revolving facilities,,
E11,Pepkor Holdings,FY2025,undrawn_facilities,currency,ZAR,1000000000.0,,OK,as_reported,0,Not located in accessed excerpt - needs AFS notes,AFS,Pepkor-annual-financial-statements-2025.docx,Note 20; R1.0bn RCF explicitly undrawn,,
E11,Pepkor Holdings,FY2025,lenders_named,text,,,Nedbank (R2.0bn RCF); lender for R1.0bn RCF not separately named,NOT_DISCLOSED,as_reported,1,Not located in accessed excerpt - needs AFS notes; note the group is pursuing a new SA banking licence (Prudential Authority approval received) which may introduce new funding relationships in future periods,AFS,Pepkor-annual-financial-statements-2025.docx,Note 20,,Any banks named in the facilities note - compare to memo evidence
E11,Pepkor Holdings,FY2025,employees,count,,,Not disclosed in supplied annual financial statements,NOT_DISCLOSED,as_reported,0,"Wikipedia cites 49,700 for 2022, too stale to use as FY2025 figure - needs current Integrated Report workforce disclosure",AFS,Pepkor-annual-financial-statements-2025.docx,AFS searched,,
E12,Clicks Group,FY2025,revenue_total,currency,ZAR,47828079000.0,,OK,as_reported,0,"Sourced via third-party financial data aggregator, not directly from AFS - recommend cross-checking against AFS income statement",AFS,CGL-YE25-Annual-financial-statements.docx,"p. 13, segmental analysis",,
E12,Clicks Group,FY2025,revenue_south_africa,currency,ZAR,,Not separately quantified; report states revenue outside South Africa is not significant,NOT_DISCLOSED,as_reported,0,Clicks Group operates primarily in South Africa with some Southern African footprint; discrete SA-only split not confirmed - needs AFS segmental note,AFS,CGL-YE25-Annual-financial-statements.docx,Note 34,,"SA or domestic segment revenue, segmental note"
E12,Clicks Group,FY2025,revenue_foreign,currency,ZAR,,Not separately quantified; report states revenue outside South Africa is not significant,NOT_DISCLOSED,as_reported,0,See revenue_south_africa gap,AFS,CGL-YE25-Annual-financial-statements.docx,Note 34,,
E12,Clicks Group,FY2025,cost_of_sales,currency,ZAR,36428426000.0,,OK,as_reported,0,Not located in accessed excerpt - needs AFS income statement,AFS,CGL-YE25-Annual-financial-statements.docx,Note 17,,
E12,Clicks Group,FY2025,inventory,currency,ZAR,7818704000.0,,OK,as_reported,0,Not located in accessed excerpt - needs AFS balance sheet,AFS,CGL-YE25-Annual-financial-statements.docx,Note 17,,
E12,Clicks Group,FY2025,trade_receivables,currency,ZAR,1897013000.0,,OK,as_reported,0,Not located in accessed excerpt - needs AFS notes,AFS,CGL-YE25-Annual-financial-statements.docx,Note 18 / Note 29.4,,
E12,Clicks Group,FY2025,trade_payables,currency,ZAR,8366717000.0,,OK,as_reported,0,Not located in accessed excerpt - needs AFS notes,AFS,CGL-YE25-Annual-financial-statements.docx,Note 26,,
E12,Clicks Group,FY2025,gross_debt,currency,ZAR,0.0,,OK,as_reported,0,Not located in accessed excerpt - needs AFS notes,AFS,CGL-YE25-Annual-financial-statements.docx,No bank/interest-bearing borrowings presented; lease liabilities excluded,,
E12,Clicks Group,FY2025,debt_current,currency,ZAR,0.0,,OK,as_reported,0,Not located in accessed excerpt - needs AFS notes,AFS,CGL-YE25-Annual-financial-statements.docx,No bank/interest-bearing borrowings presented; lease liabilities excluded,,Portion repayable within 12 months
E12,Clicks Group,FY2025,debt_noncurrent,currency,ZAR,0.0,,OK,as_reported,0,Not located in accessed excerpt - needs AFS notes,AFS,CGL-YE25-Annual-financial-statements.docx,No bank/interest-bearing borrowings presented; lease liabilities excluded,,Portion repayable after 12 months
E12,Clicks Group,FY2025,debt_maturity_note_page,text,,,Note 29.5 – maturity analysis of financial liabilities,OK,as_reported,0,Not located - needs AFS borrowings note,AFS,CGL-YE25-Annual-financial-statements.docx,Note 29.5,,Page of the maturity profile table - drives DCM wallet
E12,Clicks Group,FY2025,finance_costs,currency,ZAR,380675000.0,,OK,as_reported,0,Not located in accessed excerpt - needs AFS income statement,AFS,CGL-YE25-Annual-financial-statements.docx,"Note 6, financial expense",,"Net finance charges, income statement"
E12,Clicks Group,FY2025,capex,currency,ZAR,984528000.0,,OK,as_reported,0,Not located in accessed excerpt - needs AFS cash flow statement,AFS,CGL-YE25-Annual-financial-statements.docx,Cash flow: PPE + intangible investment (maintenance + expansion),,
E12,Clicks Group,FY2025,cash_and_equivalents,currency,ZAR,3255770000.0,,OK,as_reported,0,Not located in accessed excerpt (H1 2025 interim mentions 'robust cash generation' qualitatively) - needs AFS balance sheet,AFS,CGL-YE25-Annual-financial-statements.docx,Statement of financial position / cash flow,,
E12,Clicks Group,FY2025,fx_forward_notional,currency,ZAR,642000000.0,,OK,as_reported,0,Interim results reference derivative hedging instruments generally but no FX forward notional figure located - needs AFS financial instruments note,AFS,CGL-YE25-Annual-financial-statements.docx,Note 16,,"Notional of FX forwards/hedges, financial instruments note"
E12,Clicks Group,FY2025,committed_facilities_total,currency,ZAR,,Not disclosed; only uncommitted facilities of R4.166bn and US$64m are disclosed,NOT_DISCLOSED,as_reported,1,Not located in accessed excerpt - needs AFS notes,AFS,CGL-YE25-Annual-financial-statements.docx,Note 29.2,,
E12,Clicks Group,FY2025,undrawn_facilities,currency,ZAR,,Not disclosed on a committed-facility basis,NOT_DISCLOSED,as_reported,0,Not located in accessed excerpt - needs AFS notes,AFS,CGL-YE25-Annual-financial-statements.docx,Note 29.2,,
E12,Clicks Group,FY2025,lenders_named,text,,,Not individually named in the supplied AFS facility disclosure,NOT_DISCLOSED,as_reported,0,Not located in accessed excerpt - needs AFS notes,AFS,CGL-YE25-Annual-financial-statements.docx,Note 29.2,,Any banks named in the facilities note - compare to memo evidence
E12,Clicks Group,FY2025,employees,count,,20102.0,,OK,as_reported,0,Approximate figure from Wikipedia infobox (secondary source) - needs AFS/Integrated Report workforce disclosure to confirm,AFS,CGL-YE25-Annual-financial-statements.docx,"p. 13, permanent employees",,
E13,NEPI Rockcastle,FY2025,revenue_total,currency,EUR,919401000.0,,OK,as_reported,0,"NEPI Rockcastle is a REIT; net operating income (NOI) of €618m FY2025 located, but gross rental/total revenue line not confirmed - needs AFS income statement",AFS,NEPI_Rockcastle_Annual_Report_2025_compressed.pdf,"p. 232 / p. 311, report-defined total turnover",,
E13,NEPI Rockcastle,FY2025,revenue_south_africa,currency,EUR,0.0,,OK,as_reported,0,"Not applicable - NEPI Rockcastle's portfolio is in Central/Eastern Europe (Romania, Poland, etc.), not South Africa, despite its JSE listing - South Africa is not an operating jurisdiction",AFS,NEPI_Rockcastle_Annual_Report_2025_compressed.pdf,Company profile: operations in CEE,,"SA or domestic segment revenue, segmental note"
E13,NEPI Rockcastle,FY2025,revenue_foreign,currency,EUR,919401000.0,,OK,as_reported,0,"See revenue_south_africa - all revenue is 'foreign' relative to South Africa by definition, but not disclosed in that framing - needs AFS segmental note",AFS,NEPI_Rockcastle_Annual_Report_2025_compressed.pdf,All operating turnover outside South Africa,,
E13,NEPI Rockcastle,FY2025,cost_of_sales,currency,EUR,4439000.0,,OK,as_reported,0,"Not applicable in standard form for a REIT (property operating expenses is the closer equivalent, +9.2% YoY per results) - needs AFS income statement for exact figure",AFS,NEPI_Rockcastle_Annual_Report_2025_compressed.pdf,"p. 311, cost of sales of inventory property",,
E13,NEPI Rockcastle,FY2025,inventory,currency,EUR,0.0,,OK,as_reported,0,Not applicable in traditional sense (REIT); may hold inventory property for sale - needs AFS balance sheet,AFS,NEPI_Rockcastle_Annual_Report_2025_compressed.pdf,"p. 310, inventory property",,
E13,NEPI Rockcastle,FY2025,trade_receivables,currency,EUR,113533000.0,,OK,as_reported,0,Not located in accessed excerpt - needs AFS notes,AFS,NEPI_Rockcastle_Annual_Report_2025_compressed.pdf,"p. 310, trade and other receivables",,
E13,NEPI Rockcastle,FY2025,trade_payables,currency,EUR,179289000.0,,OK,as_reported,0,Not located in accessed excerpt - needs AFS notes,AFS,NEPI_Rockcastle_Annual_Report_2025_compressed.pdf,"p. 310, trade and other payables",,
E13,NEPI Rockcastle,FY2025,gross_debt,currency,EUR,3014680000.0,,OK,as_reported,0,"Figure is for H1 2025 (30 June 2025), not FY2025 year-end (31 Dec 2025); sourced from third-party aggregator not AFS directly - needs AFS notes to confirm FY2025 year-end figure",AFS,NEPI_Rockcastle_Annual_Report_2025_compressed.pdf,"p. 310, bank loans + bonds",,
E13,NEPI Rockcastle,FY2025,debt_current,currency,EUR,300991000.0,,OK,as_reported,0,Not located in accessed excerpt - needs AFS notes,AFS,NEPI_Rockcastle_Annual_Report_2025_compressed.pdf,"p. 310, current bank loans + bonds",,Portion repayable within 12 months
E13,NEPI Rockcastle,FY2025,debt_noncurrent,currency,EUR,2713689000.0,,OK,as_reported,0,Not located in accessed excerpt - needs AFS notes,AFS,NEPI_Rockcastle_Annual_Report_2025_compressed.pdf,"p. 310, non-current bank loans + bonds",,Portion repayable after 12 months
E13,NEPI Rockcastle,FY2025,debt_maturity_note_page,text,,,Note 19 – Borrowings; liquidity/maturity disclosures,OK,as_reported,0,Not located - needs AFS borrowings note,AFS,NEPI_Rockcastle_Annual_Report_2025_compressed.pdf,p. 343 onward,,Page of the maturity profile table - drives DCM wallet
E13,NEPI Rockcastle,FY2025,finance_costs,currency,EUR,103963000.0,,OK,as_reported,0,H1 2025 average interest rate of ~3.2% disclosed but absolute finance cost figure not confirmed for FY2025 - needs AFS income statement,AFS,NEPI_Rockcastle_Annual_Report_2025_compressed.pdf,p. 311,,"Net finance charges, income statement"
E13,NEPI Rockcastle,FY2025,capex,currency,EUR,66480000.0,,OK,as_reported,0,,AFS,NEPI_Rockcastle_Annual_Report_2025_compressed.pdf,Segment disclosure; investment-property capex,,
E13,NEPI Rockcastle,FY2025,cash_and_equivalents,currency,EUR,313994000.0,,OK,as_reported,0,H1 2025 figure (€386m) located but FY2025 year-end figure not confirmed - needs AFS balance sheet,AFS,NEPI_Rockcastle_Annual_Report_2025_compressed.pdf,p. 310,,
E13,NEPI Rockcastle,FY2025,fx_forward_notional,currency,EUR,,Not disclosed as a material FX-forward notional; derivatives are primarily interest-rate hedges,NOT_DISCLOSED,as_reported,0,Interest rate hedging referenced but FX forward notional not located - needs AFS financial instruments note,AFS,NEPI_Rockcastle_Annual_Report_2025_compressed.pdf,Note 20,,"Notional of FX forwards/hedges, financial instruments note"
E13,NEPI Rockcastle,FY2025,committed_facilities_total,currency,EUR,740000000.0,,OK,as_reported,0,Not located in accessed excerpt - needs AFS notes,AFS,NEPI_Rockcastle_Annual_Report_2025_compressed.pdf,"p. 343, committed RCFs",,
E13,NEPI Rockcastle,FY2025,undrawn_facilities,currency,EUR,740000000.0,,OK,as_reported,0,H1 2025 figure (€690m) located but FY2025 year-end figure not confirmed - needs AFS notes,AFS,NEPI_Rockcastle_Annual_Report_2025_compressed.pdf,"p. 343, RCFs fully undrawn",,
E13,NEPI Rockcastle,FY2025,lenders_named,text,,,ING Bank; BRD-Groupe Société Générale; Garanti Bank; UniCredit Bank; Deutsche Bank AG-led syndicate (incl. J.P. Morgan); Raiffeisen Bank International,OK,as_reported,0,IFC (International Finance Corporation) loan referenced in H1 2025 report; other lenders not identified - needs AFS borrowings note,AFS,NEPI_Rockcastle_Annual_Report_2025_compressed.pdf,p. 343,,Any banks named in the facilities note - compare to memo evidence
E13,NEPI Rockcastle,FY2025,employees,count,,687.0,,OK,as_reported,0,Not located in accessed excerpt - needs Annual Report workforce disclosure,AFS,NEPI_Rockcastle_Annual_Report_2025_compressed.pdf,"Sustainability statement, year-end headcount",,
E14,Prosus,FY2026,revenue_total,currency,USD,9705000000.0,,OK,as_reported,0,,AFS,fy2026-annual-report.pdf,"p. 140 / Note 13, p. 159",,Total revenue from continuing operations
E14,Prosus,FY2026,revenue_south_africa,currency,USD,,Not separately disclosed; geographic revenue is reported by regions and South Africa is not separately identified,NOT_DISCLOSED,as_reported,0,,AFS,fy2026-annual-report.pdf,CFO review p. 34 (PDF p. 35),,Revenue attributable to South Africa
E14,Prosus,FY2026,revenue_foreign,currency,USD,,Not separately disclosed as one foreign-revenue figure; report provides regional geographic revenue instead,NOT_DISCLOSED,as_reported,0,,AFS,fy2026-annual-report.pdf,CFO review p. 34 (PDF p. 35),,Revenue generated outside South Africa
E14,Prosus,FY2026,cost_of_sales,currency,USD,5198000000.0,,OK,as_reported,0,,AFS,fy2026-annual-report.pdf,p. 140 / CFO review p. 34,,Cost of providing services and sale of goods (COPS)
E14,Prosus,FY2026,inventory,currency,USD,271000000.0,,OK,as_reported,0,,AFS,fy2026-annual-report.pdf,p. 139,,Inventory at financial year-end
E14,Prosus,FY2026,trade_receivables,currency,USD,570000000.0,,OK,as_reported,0,,AFS,fy2026-annual-report.pdf,p. 139 / Note 29,,Net trade receivables at financial year-end
E14,Prosus,FY2026,trade_payables,currency,USD,1109000000.0,,OK,as_reported,0,,AFS,fy2026-annual-report.pdf,p. 139,,Trade payables at financial year-end
E14,Prosus,FY2026,gross_debt,currency,USD,17045000000.0,,OK,as_reported,0,,AFS,fy2026-annual-report.pdf,"Note 30, pp. 178–180",,"Interest-bearing loans and other liabilities, excluding capitalised lease liabilities"
E14,Prosus,FY2026,debt_current,currency,USD,1846000000.0,,OK,as_reported,0,,AFS,fy2026-annual-report.pdf,"Note 30, p. 180",,"Current portion of interest-bearing loans and other liabilities, excluding capitalised leases"
E14,Prosus,FY2026,debt_noncurrent,currency,USD,15199000000.0,,OK,as_reported,0,,AFS,fy2026-annual-report.pdf,"Note 30, p. 180",,"Non-current interest-bearing loans and other liabilities, excluding capitalised leases"
E14,Prosus,FY2026,debt_maturity_note_page,text,,,Note 30 – Long-term liabilities; repayment terms on p. 179 and liquidity-risk contractual cash flows in Note 40.3,OK,as_reported,0,,AFS,fy2026-annual-report.pdf,Note 30 p. 179; Note 40.3 p. 197,,Debt maturity disclosure reference
E14,Prosus,FY2026,finance_costs,currency,USD,645000000.0,,OK,as_reported,0,,AFS,fy2026-annual-report.pdf,p. 140 / CFO review p. 34,,Interest expense
E14,Prosus,FY2026,capex,currency,USD,98000000.0,,OK,as_reported,0,,AFS,fy2026-annual-report.pdf,p. 143,,"Property, plant and equipment acquired; excludes US$110m intangible assets acquired"
E14,Prosus,FY2026,cash_and_equivalents,currency,USD,6682000000.0,,OK,as_reported,0,,AFS,fy2026-annual-report.pdf,p. 139,,Cash and cash equivalents on the consolidated statement of financial position
E14,Prosus,FY2026,fx_forward_notional,currency,USD,,Not separately disclosed as a notional amount; FY2026 contractual forward-exchange cash flows were US$1.360bn inflow and US$1.353bn outflow,NOT_DISCLOSED,as_reported,1,,AFS,fy2026-annual-report.pdf,Note 40.3 p. 197,,Foreign-exchange forward notional / closest disclosed contractual exposure
E14,Prosus,FY2026,committed_facilities_total,currency,USD,2500000000.0,,OK,as_reported,0,,AFS,fy2026-annual-report.pdf,Note 23 / RCF disclosure,,Multi-currency revolving credit facility
E14,Prosus,FY2026,undrawn_facilities,currency,USD,2500000000.0,,OK,as_reported,0,,AFS,fy2026-annual-report.pdf,Note 23 / RCF disclosure,,Undrawn portion of the multi-currency revolving credit facility
E14,Prosus,FY2026,lenders_named,text,,,"RCF lenders not individually named; borrowing disclosures name Citi Bank, Exim Bank S.A., Inversion Activa, Safra Bank, Itau, Raiffeisen Bank, OTP Bank, FIDC Quote holder, Indian financial institutions and various institutions",NOT_DISCLOSED,as_reported,0,,AFS,fy2026-annual-report.pdf,Note 30 p. 179,,Named lenders / financing counterparties disclosed in the report
E14,Prosus,FY2026,employees,count,,41998.0,,OK,as_reported,0,,AFS,fy2026-annual-report.pdf,CFO review p. 34,,Permanent staff at 31 March 2026
E15,Naspers,FY2026,revenue_total,currency,USD,10848000000.0,,OK,as_reported,0,"Naspers reports in USD notwithstanding its JSE primary listing, consistent with company's reporting currency practice",AFS,naspers-annual-financial-statements-2026.pdf,p. 31,,
E15,Naspers,FY2026,revenue_south_africa,currency,USD,,Not separately disclosed in supplied FY2026 AFS,NOT_DISCLOSED,as_reported,1,"Not applicable in simple form - Naspers/Prosus operations are predominantly international (LatAm, Europe, India via Ecosystems, plus Tencent investment); discrete SA revenue not confirmed - needs AFS segmental note",AFS,naspers-annual-financial-statements-2026.pdf,Segment/geographic disclosures,,"SA or domestic segment revenue, segmental note"
E15,Naspers,FY2026,revenue_foreign,currency,USD,,Not separately disclosed in supplied FY2026 AFS,NOT_DISCLOSED,as_reported,1,See revenue_south_africa gap,AFS,naspers-annual-financial-statements-2026.pdf,Segment/geographic disclosures,,
E15,Naspers,FY2026,cost_of_sales,currency,USD,6027000000.0,,OK,as_reported,0,Not located in accessed excerpt - needs AFS income statement,AFS,naspers-annual-financial-statements-2026.pdf,"p. 31, cost of providing services and sale of goods",,
E15,Naspers,FY2026,inventory,currency,USD,347000000.0,,OK,as_reported,0,Not located in accessed excerpt - needs AFS balance sheet,AFS,naspers-annual-financial-statements-2026.pdf,p. 30 / Note 35,,
E15,Naspers,FY2026,trade_receivables,currency,USD,608000000.0,,OK,as_reported,0,Not located in accessed excerpt - needs AFS notes,AFS,naspers-annual-financial-statements-2026.pdf,p. 30 / Note 30,,
E15,Naspers,FY2026,trade_payables,currency,USD,1170000000.0,,OK,as_reported,0,Not located in accessed excerpt - needs AFS notes,AFS,naspers-annual-financial-statements-2026.pdf,p. 30,,
E15,Naspers,FY2026,gross_debt,currency,USD,17324000000.0,,OK,as_reported,0,"Not located in accessed excerpt for Naspers specifically (Prosus subsidiary level figure of ~US$16.5bn located as of HY2026 interim, not confirmed to equal Naspers consolidated FY2026 year-end figure) - needs AFS notes",AFS,naspers-annual-financial-statements-2026.pdf,"Note 31, interest-bearing loans and other liabilities; leases excluded",,
E15,Naspers,FY2026,debt_current,currency,USD,1846000000.0,,OK,as_reported,0,Not located in accessed excerpt - needs AFS notes,AFS,naspers-annual-financial-statements-2026.pdf,Note 31,,Portion repayable within 12 months
E15,Naspers,FY2026,debt_noncurrent,currency,USD,15478000000.0,,OK,as_reported,0,Not located in accessed excerpt - needs AFS notes,AFS,naspers-annual-financial-statements-2026.pdf,Note 31,,Portion repayable after 12 months
E15,Naspers,FY2026,debt_maturity_note_page,text,,,Note 41 – financial risk management / contractual maturity profile,OK,as_reported,0,Not located - needs AFS borrowings note,AFS,naspers-annual-financial-statements-2026.pdf,p. 139 onward,,Page of the maturity profile table - drives DCM wallet
E15,Naspers,FY2026,finance_costs,currency,USD,685000000.0,,OK,as_reported,0,Not located in accessed excerpt - needs AFS income statement,AFS,naspers-annual-financial-statements-2026.pdf,"p. 31, interest expense",,"Net finance charges, income statement"
E15,Naspers,FY2026,capex,currency,USD,122000000.0,,OK,as_reported,0,Not located in accessed excerpt - needs AFS cash flow statement,AFS,naspers-annual-financial-statements-2026.pdf,"Note 33, acquisitions of PPE assets",,
E15,Naspers,FY2026,cash_and_equivalents,currency,USD,6820000000.0,,OK,as_reported,0,Not located in accessed excerpt - needs AFS balance sheet,AFS,naspers-annual-financial-statements-2026.pdf,p. 30,,
E15,Naspers,FY2026,fx_forward_notional,currency,USD,,No single aggregate group notional stated; forward-contract fair values disclosed,NOT_DISCLOSED,as_reported,0,Not located in accessed excerpt - needs AFS financial instruments note,AFS,naspers-annual-financial-statements-2026.pdf,Note 41.1,,"Notional of FX forwards/hedges, financial instruments note"
E15,Naspers,FY2026,committed_facilities_total,currency,USD,,Group total not stated in requested USD unit; company-level RCF is R8.5bn,NOT_DISCLOSED,as_reported,1,Not located in accessed excerpt - needs AFS notes,AFS,naspers-annual-financial-statements-2026.pdf,Company Note 7 / p. 177,,
E15,Naspers,FY2026,undrawn_facilities,currency,USD,,Group total not stated in requested USD unit; company-level RCF has R3.8bn undrawn,NOT_DISCLOSED,as_reported,1,Not located in accessed excerpt - needs AFS notes,AFS,naspers-annual-financial-statements-2026.pdf,Company Note 7 / p. 177,,
E15,Naspers,FY2026,lenders_named,text,,,Not individually named for group borrowings in supplied AFS,NOT_DISCLOSED,as_reported,0,Not located in accessed excerpt - needs AFS notes,AFS,naspers-annual-financial-statements-2026.pdf,Borrowings disclosures,,Any banks named in the facilities note - compare to memo evidence
E15,Naspers,FY2026,employees,count,,,Headcount not disclosed in supplied AFS; staff costs are disclosed,NOT_DISCLOSED,as_reported,0,"Figure is stale (TTM ending Sept 2024) and from a third-party aggregator, not directly sourced from FY2026 AFS - needs current Integrated Report workforce disclosure",AFS,naspers-annual-financial-statements-2026.pdf,Note 15,,
E16,MTN Group,FY2025,revenue_total,currency,ZAR,226707000000.0,,OK,as_reported,0,Service revenue of R218.5bn located (up 22.9% YoY) but this excludes handset/equipment and other non-service revenue; total consolidated revenue line not separately confirmed in accessed excerpt - needs AFS income statement,AFS,MTN Group Limited Annual Financial Statements FY2025 (year ended 31 December 2025),"Group income statement (Revenue, notes 2.1; 2.2)",,
E16,MTN Group,FY2025,revenue_south_africa,currency,ZAR,50492000000.0,,OK,as_reported,0,MTN SA is a reporting segment but discrete SA revenue figure not extracted - needs AFS segmental note,AFS,MTN Group Limited Annual Financial Statements FY2025 (year ended 31 December 2025),Note 2.1 Operating segments (South Africa external revenue),,"SA or domestic segment revenue, segmental note"
E16,MTN Group,FY2025,revenue_foreign,currency,ZAR,176215000000.0,,OK,as_reported,0,"See revenue_south_africa gap] [Computed: consolidated revenue (R226,707m) less South Africa external segment revenue (R50,492m), per Note 2.1 Operating segments",AFS,MTN Group Limited Annual Financial Statements FY2025 (year ended 31 December 2025),Note 2.1 Operating segments (computed: total less South Africa),,
E16,MTN Group,FY2025,cost_of_sales,currency,ZAR,,Not disclosed,NOT_DISCLOSED,as_reported,0,"Not located in accessed excerpt - needs AFS income statement] [GAP: MTN's Group income statement is presented by nature, not function - there is no single 'cost of sales' line. Closest equivalent nature-based lines (Note 2.1/2.3): Direct network and technology operating costs R37,560m + Costs of handsets and other accessories R8,894m + Interconnect and roaming costs R8,222m = R54,676m combined",AFS,MTN Group Limited Annual Financial Statements FY2025 (year ended 31 December 2025),"Group income statement / Note 2.1, 2.3 Operating expenses",,
E16,MTN Group,FY2025,inventory,currency,ZAR,1310000000.0,,OK,as_reported,0,Not located in accessed excerpt - needs AFS balance sheet,AFS,MTN Group Limited Annual Financial Statements FY2025 (year ended 31 December 2025),Group statement of financial position / Note 4.1 Inventories,,
E16,MTN Group,FY2025,trade_receivables,currency,ZAR,34411000000.0,,OK,as_reported,0,Not located in accessed excerpt - needs AFS notes,AFS,MTN Group Limited Annual Financial Statements FY2025 (year ended 31 December 2025),Group statement of financial position / Note 4.2 Trade and other receivables,,
E16,MTN Group,FY2025,trade_payables,currency,ZAR,63183000000.0,,OK,as_reported,0,Not located in accessed excerpt - needs AFS notes,AFS,MTN Group Limited Annual Financial Statements FY2025 (year ended 31 December 2025),Group statement of financial position / Note 4.5 Trade and other payables,,
E16,MTN Group,FY2025,gross_debt,currency,ZAR,70374000000.0,,OK,as_reported,0,Only net debt/EBITDA ratio (0.3x) located; gross borrowings figure not confirmed - needs AFS notes,AFS,MTN Group Limited Annual Financial Statements FY2025 (year ended 31 December 2025),Note 6.1 Borrowings (Total borrowings),,
E16,MTN Group,FY2025,debt_current,currency,ZAR,17755000000.0,,OK,as_reported,0,Not located in accessed excerpt - needs AFS notes,AFS,MTN Group Limited Annual Financial Statements FY2025 (year ended 31 December 2025),Group statement of financial position (current liabilities - Borrowings),,Portion repayable within 12 months
E16,MTN Group,FY2025,debt_noncurrent,currency,ZAR,52619000000.0,,OK,as_reported,0,Not located in accessed excerpt - needs AFS notes,AFS,MTN Group Limited Annual Financial Statements FY2025 (year ended 31 December 2025),Group statement of financial position (non-current liabilities - Borrowings),,Portion repayable after 12 months
E16,MTN Group,FY2025,debt_maturity_note_page,text,,,Not disclosed,NOT_DISCLOSED,as_reported,0,Not located - needs AFS borrowings note,AFS,MTN Group Limited Annual Financial Statements FY2025 (year ended 31 December 2025),Note 7.7 Liquidity risk,,Page of the maturity profile table - drives DCM wallet
E16,MTN Group,FY2025,finance_costs,currency,ZAR,16500000000.0,,OK,as_reported,0,,AFS,MTN Group FY2025 Financial Results (year ended 31 Dec 2025),Results overview (net finance costs decreased 46.9% to R16.5bn FY2025),https://mtn-investor.com/reporting/annuals-2025/results-overview.php,"Net finance charges, income statement"
E16,MTN Group,FY2025,capex,currency,ZAR,38500000000.0,,OK,as_reported,0,,AFS_URL_UNSUPPORTED,MTN Group FY2025 Financial Results (year ended 31 Dec 2025),"FY2025 earnings highlights (capital expenditure R38.5bn, capex intensity 17%)",https://finance.yahoo.com/markets/stocks/articles/mtn-group-ltd-mtnof-full-010204189.html,
E16,MTN Group,FY2025,cash_and_equivalents,currency,ZAR,42625000000.0,,OK,as_reported,0,"Not located in accessed excerpt - needs AFS balance sheet] [Note: gross cash at bank and on hand; net of bank overdrafts (R1,363m) = R41,262m per Note 4.4",AFS,MTN Group Limited Annual Financial Statements FY2025 (year ended 31 December 2025),Group statement of financial position / Note 4.4 Cash and cash equivalents,,
E16,MTN Group,FY2025,fx_forward_notional,currency,ZAR,,Not disclosed,NOT_DISCLOSED,as_reported,0,Not located in accessed excerpt - needs AFS financial instruments note] [GAP: Note 7.6 (exchange rates) and detailed derivative notional tables not present in the provided AFS excerpt. Group states it uses forward contracts and cross-currency swaps to hedge currency exposure (note 7 Financial risk management) but no aggregate FX forward notional is disclosed in the sections available,AFS,MTN Group Limited Annual Financial Statements FY2025 (year ended 31 December 2025),Note 7 Financial risk management (narrative only; notional not disclosed),,"Notional of FX forwards/hedges, financial instruments note"
E16,MTN Group,FY2025,committed_facilities_total,currency,ZAR,,Not disclosed,NOT_DISCLOSED,as_reported,0,"Not located in accessed excerpt - needs AFS notes] [GAP: Only the undrawn portion of Holdco's variable rate facilities is disclosed (R35,948m); no single aggregate 'total committed facilities' figure found - needs full Note 6.1 borrowings schedule across all currencies/subsidiaries",AFS,MTN Group Limited Annual Financial Statements FY2025 (year ended 31 December 2025),Note 6.1 Borrowings,,
E16,MTN Group,FY2025,undrawn_facilities,currency,ZAR,35948000000.0,,OK,as_reported,0,"Not located in accessed excerpt - needs AFS notes] [Holdco undrawn variable rate facilities; 2024 comparative R36,533m",AFS,MTN Group Limited Annual Financial Statements FY2025 (year ended 31 December 2025),Note 6.1 Borrowings,,
E16,MTN Group,FY2025,lenders_named,text,,,Citibank named,OK,as_reported,0,"Not located in accessed excerpt - needs AFS notes] [Citibank named in connection with financial guarantees over 'Citibank facilities'. Other borrowings/facilities are disclosed by borrowing subsidiary, currency and facility type (e.g. syndicated term loan, revolving credit, bilateral term loan, senior unsecured notes, bonds) without naming the individual lending banks",AFS,MTN Group Limited Annual Financial Statements FY2025 (year ended 31 December 2025),Note 6.1 Borrowings; Company financial statements guarantees note,,Any banks named in the facilities note - compare to memo evidence
E16,MTN Group,FY2025,employees,count,,,Not disclosed,NOT_DISCLOSED,as_reported,0,"Not located in accessed excerpt - needs Integrated Report workforce disclosure] [GAP: Headcount is not disclosed in the Annual Financial Statements - this is typically reported in MTN's Integrated Report / workforce disclosures, not the AFS",AFS,MTN Group Limited Annual Financial Statements FY2025 (year ended 31 December 2025),,,
E17,Vodacom Group,FY2026,revenue_total,currency,ZAR,167652000000.0,,OK,as_reported,0,,AFS_URL_UNSUPPORTED,Vodacom Group FY2026 Reviewed Annual Results (year ended 31 March 2026),"Earnings results summary (total sales R167,652m FY2026)",https://www.marketscreener.com/news/vodacom-group-limited-reports-earnings-results-for-the-full-year-ended-march-31-2026-ce7f5bd8df8af326,
E17,Vodacom Group,FY2026,revenue_south_africa,currency,ZAR,92237000000.0,,OK,as_reported,0,"South Africa is the group's 'anchor market' with service revenue growth of 2.1% noted, but absolute SA-only revenue figure not confirmed - needs AFS segmental note",UNSOURCED,,,,"SA or domestic segment revenue, segmental note"
E17,Vodacom Group,FY2026,revenue_foreign,currency,ZAR,75415000000.0,,OK,as_reported,0,See revenue_south_africa gap,UNSOURCED,,,,
E17,Vodacom Group,FY2026,cost_of_sales,currency,ZAR,,Not disclosed,NOT_DISCLOSED,as_reported,0,Not located in accessed excerpt - needs AFS income statement,AFS,,,,
E17,Vodacom Group,FY2026,inventory,currency,ZAR,2112000000.0,,OK,as_reported,0,Not located in accessed excerpt - needs AFS balance sheet,UNSOURCED,,,,
E17,Vodacom Group,FY2026,trade_receivables,currency,ZAR,35406000000.0,,OK,as_reported,0,Not located in accessed excerpt - needs AFS notes,UNSOURCED,,,,
E17,Vodacom Group,FY2026,trade_payables,currency,ZAR,46767000000.0,,OK,as_reported,0,Not located in accessed excerpt - needs AFS notes,UNSOURCED,,,,
E17,Vodacom Group,FY2026,gross_debt,currency,ZAR,92877000000.0,,OK,as_reported,0,Not located in accessed excerpt for FY2026 year-end; large incremental transaction-related debt figures discussed in context of pending Safaricom/Maziv deals but not a clean gross borrowings balance - needs AFS notes,UNSOURCED,,,,
E17,Vodacom Group,FY2026,debt_current,currency,ZAR,8781000000.0,,OK,as_reported,0,Not located in accessed excerpt - needs AFS notes,UNSOURCED,,,,Portion repayable within 12 months
E17,Vodacom Group,FY2026,debt_noncurrent,currency,ZAR,84096000000.0,,OK,as_reported,0,Not located in accessed excerpt - needs AFS notes,UNSOURCED,,,,Portion repayable after 12 months
E17,Vodacom Group,FY2026,debt_maturity_note_page,text,,,Not disclosed,NOT_DISCLOSED,as_reported,0,Not located - needs AFS borrowings note,AFS,,,,Page of the maturity profile table - drives DCM wallet
E17,Vodacom Group,FY2026,finance_costs,currency,ZAR,8333000000.0,,OK,as_reported,0,Not located in accessed excerpt - needs AFS income statement,UNSOURCED,,,,"Net finance charges, income statement"
E17,Vodacom Group,FY2026,capex,currency,ZAR,23600000000.0,,OK,as_reported,0,,AFS,Vodacom Group FY2026 Reviewed Annual Results (year ended 31 March 2026),Results announcement (R23.6bn capital expenditure FY2026),https://www.vodacom.com/news-article.php?articleID=16836,
E17,Vodacom Group,FY2026,cash_and_equivalents,currency,ZAR,31209000000.0,,OK,as_reported,0,Not located in accessed excerpt - needs AFS balance sheet,UNSOURCED,,,,
E17,Vodacom Group,FY2026,fx_forward_notional,currency,ZAR,,Not disclosed,NOT_DISCLOSED,as_reported,0,Not located in accessed excerpt - needs AFS financial instruments note,AFS,,,,"Notional of FX forwards/hedges, financial instruments note"
E17,Vodacom Group,FY2026,committed_facilities_total,currency,ZAR,,Not disclosed,NOT_DISCLOSED,as_reported,0,Not located in accessed excerpt - needs AFS notes,AFS,,,,
E17,Vodacom Group,FY2026,undrawn_facilities,currency,ZAR,15337000000.0,,OK,as_reported,0,Not located in accessed excerpt - needs AFS notes,UNSOURCED,,,,
E17,Vodacom Group,FY2026,lenders_named,text,,,Not disclosed,NOT_DISCLOSED,as_reported,0,Not located in accessed excerpt - needs AFS notes,AFS,,,,Any banks named in the facilities note - compare to memo evidence
E17,Vodacom Group,FY2026,employees,count,,,Not disclosed,NOT_DISCLOSED,as_reported,0,Not located in accessed excerpt - needs Integrated Report workforce disclosure,AFS,,,,
E18,The Bidvest Group,FY2025,revenue_total,currency,ZAR,126600000000.0,,OK,as_reported,0,,AFS,The Bidvest Group FY2025 Audited Results (year ended 30 June 2025),"Results announcement (revenue R126.6bn FY2025, +5%)",https://www.investegate.co.uk/announcement/rns/the-bidvest-group-uk-plc--51ni/annual-financial-results/9081181,
E18,The Bidvest Group,FY2025,revenue_south_africa,currency,ZAR,91008903000.0,,OK,as_reported,0,Bidvest operates via SA and international (Services International) segments but discrete SA-only revenue figure not confirmed - needs AFS segmental note,UNSOURCED,,,,"SA or domestic segment revenue, segmental note"
E18,The Bidvest Group,FY2025,revenue_foreign,currency,ZAR,35181643000.0,,OK,as_reported,0,See revenue_south_africa gap,UNSOURCED,,,,
E18,The Bidvest Group,FY2025,cost_of_sales,currency,ZAR,91540464000.0,,OK,as_reported,0,Not located in accessed excerpt - needs AFS income statement,UNSOURCED,,,,
E18,The Bidvest Group,FY2025,inventory,currency,ZAR,14835934000.0,,OK,commentary,0,Not located in accessed excerpt (stock levels commentary noted qualitatively but no figure) - needs AFS balance sheet,UNSOURCED,,,,
E18,The Bidvest Group,FY2025,trade_receivables,currency,ZAR,20127631000.0,,OK,as_reported,0,Not located in accessed excerpt ('debtors were flat' noted qualitatively but no figure) - needs AFS notes,UNSOURCED,,,,
E18,The Bidvest Group,FY2025,trade_payables,currency,ZAR,22554599000.0,,OK,as_reported,0,Not located in accessed excerpt - needs AFS notes,UNSOURCED,,,,
E18,The Bidvest Group,FY2025,gross_debt,currency,ZAR,39087821000.0,,OK,as_reported,0,"Only net debt/EBITDA ratio (2.2x, up from 2.0x) located; gross borrowings figure not confirmed - needs AFS notes",UNSOURCED,,,,
E18,The Bidvest Group,FY2025,debt_current,currency,ZAR,5336113000.0,,OK,as_reported,0,Not located in accessed excerpt - needs AFS notes,UNSOURCED,,,,Portion repayable within 12 months
E18,The Bidvest Group,FY2025,debt_noncurrent,currency,ZAR,33751708000.0,,OK,as_reported,0,Not located in accessed excerpt - needs AFS notes,UNSOURCED,,,,Portion repayable after 12 months
E18,The Bidvest Group,FY2025,debt_maturity_note_page,text,,,Not disclosed,NOT_DISCLOSED,as_reported,0,Not located - needs AFS borrowings note; 3.625% senior notes due 23 Sept 2026 referenced qualitatively,AFS,,,,Page of the maturity profile table - drives DCM wallet
E18,The Bidvest Group,FY2025,finance_costs,currency,ZAR,2747082000.0,,OK,as_reported,0,Not located in accessed excerpt - needs AFS income statement,UNSOURCED,,,,"Net finance charges, income statement"
E18,The Bidvest Group,FY2025,capex,currency,ZAR,2928788000.0,,OK,as_reported,0,5-year cumulative M&A+capex figure of >R12bn referenced but FY2025 standalone capex not confirmed - needs AFS cash flow statement,UNSOURCED,,,,
E18,The Bidvest Group,FY2025,cash_and_equivalents,currency,ZAR,6193638000.0,,OK,as_reported,0,"Cash generated by operations (R14.7bn, a flow) located but balance sheet cash figure not confirmed - needs AFS balance sheet",UNSOURCED,,,,
E18,The Bidvest Group,FY2025,fx_forward_notional,currency,ZAR,,Not disclosed,NOT_DISCLOSED,as_reported,0,Not located in accessed excerpt - needs AFS financial instruments note,AFS,,,,"Notional of FX forwards/hedges, financial instruments note"
E18,The Bidvest Group,FY2025,committed_facilities_total,currency,ZAR,,Not disclosed,NOT_DISCLOSED,as_reported,0,Not located in accessed excerpt - needs AFS notes,AFS,,,,
E18,The Bidvest Group,FY2025,undrawn_facilities,currency,ZAR,,Not disclosed,NOT_DISCLOSED,as_reported,0,Not located in accessed excerpt - needs AFS notes,AFS,,,,
E18,The Bidvest Group,FY2025,lenders_named,text,,,Not disclosed,NOT_DISCLOSED,as_reported,0,Not located in accessed excerpt - needs AFS notes,AFS,,,,Any banks named in the facilities note - compare to memo evidence
E18,The Bidvest Group,FY2025,employees,count,,131326.0,,OK,as_reported,0,"Figure from third-party aggregator (uses a Dec year-end convention that doesn't match Bidvest's actual June FYE, so may not align precisely) - needs Integrated Report workforce disclosure to confirm",NON_AFS,TipRanks financial data aggregator,Company financial snapshot,https://www.tipranks.com/stocks/bdvsf/revenue,
E19,Aspen Pharmacare,FY2025,revenue_total,currency,ZAR,43360000000.0,,OK,as_reported,0,Sourced via third-party financial data aggregator - recommend cross-checking exact figure against AFS income statement,AFS_URL_UNSUPPORTED,Aspen Pharmacare FY2025 Reviewed Group Financial Results (year ended 30 June 2025),stockanalysis.com financial data (FY2025 revenue R43.36bn); note earnings call cites 'ZAR43 billion' consistent with this figure,https://stockanalysis.com/quote/jse/APN/revenue/,
E19,Aspen Pharmacare,FY2025,revenue_south_africa,currency,ZAR,,Not disclosed,NOT_DISCLOSED,as_reported,0,Aspen is a global multinational pharma company; discrete SA-only revenue not confirmed in accessed excerpt - needs AFS segmental note,AFS,,,,"SA or domestic segment revenue, segmental note"
E19,Aspen Pharmacare,FY2025,revenue_foreign,currency,ZAR,,Not disclosed,NOT_DISCLOSED,as_reported,0,See revenue_south_africa gap,AFS,,,,
E19,Aspen Pharmacare,FY2025,cost_of_sales,currency,ZAR,24234000000.0,,OK,as_reported,0,Gross profit margin of 58.1% (FY2025) disclosed but discrete cost of sales ZAR figure not located - needs AFS income statement,UNSOURCED,,,,
E19,Aspen Pharmacare,FY2025,inventory,currency,ZAR,18009000000.0,,OK,as_reported,0,"Qualitative reference to 'lower inventory levels' and R0.3bn inventory write-offs, but no balance sheet figure located - needs AFS balance sheet",UNSOURCED,,,,
E19,Aspen Pharmacare,FY2025,trade_receivables,currency,ZAR,13162000000.0,,OK,as_reported,0,Not located in accessed excerpt - needs AFS notes,UNSOURCED,,,,
E19,Aspen Pharmacare,FY2025,trade_payables,currency,ZAR,10675000000.0,,OK,as_reported,0,Not located in accessed excerpt - needs AFS notes,UNSOURCED,,,,
E19,Aspen Pharmacare,FY2025,gross_debt,currency,ZAR,36120000000.0,,OK,as_reported,0,"Only net debt (R31.2bn) and CER-adjusted gross debt (~R29bn, per earnings call, imprecise) located; precise gross (pre-cash) borrowings figure not confirmed - needs AFS notes",UNSOURCED,,,,
E19,Aspen Pharmacare,FY2025,debt_current,currency,ZAR,4612000000.0,,OK,as_reported,0,Not located in accessed excerpt - needs AFS notes,UNSOURCED,,,,Portion repayable within 12 months
E19,Aspen Pharmacare,FY2025,debt_noncurrent,currency,ZAR,31508000000.0,,OK,as_reported,0,Not located in accessed excerpt - needs AFS notes,UNSOURCED,,,,Portion repayable after 12 months
E19,Aspen Pharmacare,FY2025,debt_maturity_note_page,text,,,Not disclosed,NOT_DISCLOSED,as_reported,0,Not located - needs AFS borrowings note,AFS,,,,Page of the maturity profile table - drives DCM wallet
E19,Aspen Pharmacare,FY2025,finance_costs,currency,ZAR,1918000000.0,,OK,as_reported,0,"Qualitative note that finance costs benefited from interest rate cuts across EUR/ZAR/AUD debt pools, but no absolute figure located - needs AFS income statement",UNSOURCED,,,,"Net finance charges, income statement"
E19,Aspen Pharmacare,FY2025,capex,currency,ZAR,2576000000.0,,OK,as_reported,0,"Qualitative reference to GLP-1-related capex investment driving debt increase, but no absolute figure located - needs AFS cash flow statement",UNSOURCED,,,,
E19,Aspen Pharmacare,FY2025,cash_and_equivalents,currency,ZAR,6409000000.0,,OK,as_reported,0,Not located in accessed excerpt - needs AFS balance sheet,UNSOURCED,,,,
E19,Aspen Pharmacare,FY2025,fx_forward_notional,currency,ZAR,5022000000.0,,OK,as_reported,0,Not located in accessed excerpt - needs AFS financial instruments note,UNSOURCED,,,,"Notional of FX forwards/hedges, financial instruments note"
E19,Aspen Pharmacare,FY2025,committed_facilities_total,currency,ZAR,52020000000.0,,OK,as_reported,0,Not located in accessed excerpt - needs AFS notes,UNSOURCED,,,,
E19,Aspen Pharmacare,FY2025,undrawn_facilities,currency,ZAR,15900000000.0,,OK,as_reported,0,Not located in accessed excerpt - needs AFS notes,UNSOURCED,,,,
E19,Aspen Pharmacare,FY2025,lenders_named,text,,,Not disclosed,NOT_DISCLOSED,as_reported,0,Not located in accessed excerpt - needs AFS notes,AFS,,,,Any banks named in the facilities note - compare to memo evidence
E19,Aspen Pharmacare,FY2025,employees,count,,9557.0,,OK,as_reported,0,Not located in accessed excerpt - needs Integrated Report workforce disclosure,UNSOURCED,,,,
E20,Shaftesbury Capital plc,FY2025,revenue_total,currency,GBP,238900000.0,,OK,as_reported,0,Note: no AFS PDF URL was provided in the source company list for Shaftesbury Capital. Shaftesbury is a REIT; gross rental income/underlying earnings metrics located but a conventional 'total revenue' figure not confirmed in accessed excerpt - needs AFS income statement,UNSOURCED,,,,
E20,Shaftesbury Capital plc,FY2025,revenue_south_africa,currency,GBP,,Not disclosed,NOT_DISCLOSED,as_reported,0,Not applicable - Shaftesbury Capital's portfolio is entirely London West End real estate; South Africa is not an operating jurisdiction despite the entity being included in this SA-linked dataset,AFS,,,,"SA or domestic segment revenue, segmental note"
E20,Shaftesbury Capital plc,FY2025,revenue_foreign,currency,GBP,,Not disclosed,NOT_DISCLOSED,as_reported,0,See revenue_south_africa - entity has no South African operations to speak of,AFS,,,,
E20,Shaftesbury Capital plc,FY2025,cost_of_sales,currency,GBP,61200000.0,,OK,as_reported,0,Not applicable in standard form for a REIT - needs AFS income statement,UNSOURCED,,,,
E20,Shaftesbury Capital plc,FY2025,inventory,currency,GBP,,Not disclosed,NOT_DISCLOSED,as_reported,0,Not applicable - Shaftesbury Capital is a real estate investment company; investment property is held at fair value rather than as inventory,AFS,,,,
E20,Shaftesbury Capital plc,FY2025,trade_receivables,currency,GBP,98100000.0,,OK,as_reported,0,Not located in accessed excerpt - needs AFS notes,UNSOURCED,,,,
E20,Shaftesbury Capital plc,FY2025,trade_payables,currency,GBP,98100000.0,,OK,as_reported,0,Not located in accessed excerpt - needs AFS notes,UNSOURCED,,,,
E20,Shaftesbury Capital plc,FY2025,gross_debt,currency,GBP,1210800000.0,,OK,as_reported,0,Only net debt/EBITDA ratio (6.6x) and EPRA LTV (17%) located for FY2025; FY2024 net debt of £1.4bn located but not FY2025 - needs AFS notes,UNSOURCED,,,,
E20,Shaftesbury Capital plc,FY2025,debt_current,currency,GBP,438400000.0,,OK,as_reported,0,Not located in accessed excerpt - needs AFS notes,UNSOURCED,,,,Portion repayable within 12 months
E20,Shaftesbury Capital plc,FY2025,debt_noncurrent,currency,GBP,772400000.0,,OK,as_reported,0,Not located in accessed excerpt - needs AFS notes,UNSOURCED,,,,Portion repayable after 12 months
E20,Shaftesbury Capital plc,FY2025,debt_maturity_note_page,text,,,Not disclosed,NOT_DISCLOSED,as_reported,0,Not located - needs AFS borrowings note,AFS,,,,Page of the maturity profile table - drives DCM wallet
E20,Shaftesbury Capital plc,FY2025,finance_costs,currency,GBP,52000000.0,,OK,as_reported,0,H1 2025 finance costs of £23.7m located but full FY2025 figure not confirmed - needs AFS income statement,UNSOURCED,,,,"Net finance charges, income statement"
E20,Shaftesbury Capital plc,FY2025,capex,currency,GBP,113300000.0,,OK,as_reported,0,,AFS,Shaftesbury Capital PLC FY2025 Full Year Results Press Release (year ended 31 Dec 2025),"Press release (£113.3m capital expenditure and acquisitions, FY2025)",https://www.shaftesburycapital.com/content/dam/shaftesbury/corporate/new-build/doucments/investor/results---reports/2025/fy-25-press-release.pdf,
E20,Shaftesbury Capital plc,FY2025,cash_and_equivalents,currency,GBP,361400000.0,,OK,as_reported,0,"H1 2025 gross cash inflow of £574m noted (a flow, not balance) - needs AFS balance sheet",UNSOURCED,,,,
E20,Shaftesbury Capital plc,FY2025,fx_forward_notional,currency,GBP,,Not disclosed,NOT_DISCLOSED,as_reported,0,Not located in accessed excerpt - needs AFS financial instruments note,AFS,,,,"Notional of FX forwards/hedges, financial instruments note"
E20,Shaftesbury Capital plc,FY2025,committed_facilities_total,currency,GBP,750000000.0,,OK,as_reported,0,"FY2024 access to £560m liquidity noted, FY2025 figure not confirmed - needs AFS notes",UNSOURCED,,,,
E20,Shaftesbury Capital plc,FY2025,undrawn_facilities,currency,GBP,750000000.0,,OK,as_reported,0,Not located for FY2025 specifically - needs AFS notes,UNSOURCED,,,,
E20,Shaftesbury Capital plc,FY2025,lenders_named,text,,,Not disclosed,NOT_DISCLOSED,as_reported,0,"Not located in accessed excerpt - needs AFS notes; Norges Bank Investment Management (NBIM) is a joint venture equity partner (25% of Covent Garden), not a lender",AFS,,,,Any banks named in the facilities note - compare to memo evidence
E20,Shaftesbury Capital plc,FY2025,employees,count,,101.0,,OK,as_reported,0,Not located in accessed excerpt - needs Annual Report workforce disclosure,UNSOURCED,,,,
