date,foreign_currency,zar_per_unit
2023-01-03,EUR,18.0113
2023-01-04,EUR,17.8745
2023-01-05,EUR,18.0318
2023-01-06,EUR,18.088
2023-01-09,EUR,18.1907
2023-01-10,EUR,18.2161
2023-01-11,EUR,18.2955
2023-01-12,EUR,18.1642
2023-01-13,EUR,18.1415
2023-01-16,EUR,18.4001
2023-01-17,EUR,18.5095
2023-01-18,EUR,18.3887
2023-01-19,EUR,18.5547
2023-01-20,EUR,18.7024
2023-01-23,EUR,18.7421
2023-01-24,EUR,18.7885
2023-01-25,EUR,18.7528
2023-01-26,EUR,18.6406
2023-01-27,EUR,18.7729
2023-01-30,EUR,18.7633
2023-01-31,EUR,18.8451
2023-02-01,EUR,18.9282
2023-02-02,EUR,18.7601
2023-02-03,EUR,18.6852
2023-02-06,EUR,18.879
2023-02-07,EUR,18.9205
2023-02-08,EUR,18.8442
2023-02-09,EUR,19.0424
2023-02-10,EUR,19.0532
2023-02-13,EUR,19.2173
2023-02-14,EUR,19.164
2023-02-15,EUR,19.277
2023-02-16,EUR,19.2886
2023-02-17,EUR,19.4351
2023-02-20,EUR,19.2857
2023-02-21,EUR,19.4475
2023-02-22,EUR,19.5665
2023-02-23,EUR,19.4317
2023-02-24,EUR,19.3966
2023-02-27,EUR,19.3592
2023-02-28,EUR,19.5919
2023-03-01,EUR,19.3232
2023-03-02,EUR,19.3303
2023-03-03,EUR,19.2847
2023-03-06,EUR,19.3823
2023-03-07,EUR,19.5192
2023-03-08,EUR,19.6862
2023-03-09,EUR,19.6493
2023-03-10,EUR,19.5568
2023-03-13,EUR,19.4328
2023-03-14,EUR,19.4613
2023-03-15,EUR,19.5656
2023-03-16,EUR,19.4891
2023-03-17,EUR,19.5163
2023-03-20,EUR,19.7294
2023-03-22,EUR,19.9715
2023-03-23,EUR,19.7523
2023-03-24,EUR,19.5979
2023-03-27,EUR,19.7018
2023-03-28,EUR,19.7862
2023-03-29,EUR,19.6574
2023-03-30,EUR,19.6461
2023-03-31,EUR,19.3727
2023-04-03,EUR,19.442
2023-04-04,EUR,19.4424
2023-04-05,EUR,19.6318
2023-04-06,EUR,19.788
2023-04-11,EUR,20.006
2023-04-12,EUR,20.1263
2023-04-13,EUR,20.1117
2023-04-14,EUR,20.0365
2023-04-17,EUR,19.9187
2023-04-18,EUR,20.0121
2023-04-19,EUR,20.017
2023-04-20,EUR,19.96
2023-04-21,EUR,19.8312
2023-04-24,EUR,19.9487
2023-04-25,EUR,20.0998
2023-04-26,EUR,20.1771
2023-04-28,EUR,20.2346
2023-05-02,EUR,20.2169
2023-05-03,EUR,20.2792
2023-05-04,EUR,20.1825
2023-05-05,EUR,20.2394
2023-05-08,EUR,20.245
2023-05-09,EUR,20.2156
2023-05-10,EUR,20.5603
2023-05-11,EUR,20.7031
2023-05-12,EUR,21.1439
2023-05-15,EUR,20.6916
2023-05-16,EUR,20.8179
2023-05-17,EUR,20.7949
2023-05-18,EUR,21.025
2023-05-19,EUR,20.8696
2023-05-22,EUR,20.8561
2023-05-23,EUR,20.7914
2023-05-24,EUR,20.705
2023-05-25,EUR,20.7104
2023-05-26,EUR,21.1859
2023-05-29,EUR,21.1498
2023-05-30,EUR,21.1618
2023-05-31,EUR,21.0983
2023-06-01,EUR,21.2005
2023-06-02,EUR,21.0327
2023-06-05,EUR,20.6837
2023-06-06,EUR,20.567
2023-06-07,EUR,20.4683
2023-06-08,EUR,20.3264
2023-06-09,EUR,20.2607
2023-06-12,EUR,20.0985
2023-06-13,EUR,20.1538
2023-06-14,EUR,19.9908
2023-06-15,EUR,19.8489
2023-06-19,EUR,19.8649
2023-06-20,EUR,19.8456
2023-06-21,EUR,20.031
2023-06-22,EUR,20.1477
2023-06-23,EUR,20.2466
2023-06-26,EUR,20.3268
2023-06-27,EUR,20.2345
2023-06-28,EUR,20.4353
2023-06-29,EUR,20.3934
2023-06-30,EUR,20.519
2023-07-03,EUR,20.3846
2023-07-04,EUR,20.3837
2023-07-05,EUR,20.3954
2023-07-06,EUR,20.4683
2023-07-07,EUR,20.7514
2023-07-10,EUR,20.5759
2023-07-11,EUR,20.555
2023-07-12,EUR,20.3729
2023-07-13,EUR,20.1468
2023-07-14,EUR,20.2342
2023-07-17,EUR,20.2713
2023-07-18,EUR,20.1739
2023-07-19,EUR,20.0258
2023-07-20,EUR,19.9118
2023-07-21,EUR,19.9958
2023-07-24,EUR,19.9779
2023-07-25,EUR,19.5947
2023-07-26,EUR,19.5372
2023-07-27,EUR,19.4715
2023-07-28,EUR,19.5828
2023-07-31,EUR,19.5076
2023-08-01,EUR,19.8382
2023-08-02,EUR,20.197
2023-08-03,EUR,20.3538
2023-08-04,EUR,20.4554
2023-08-07,EUR,20.4179
2023-08-08,EUR,20.6298
2023-08-10,EUR,20.7118
2023-08-11,EUR,20.7485
2023-08-14,EUR,20.7815
2023-08-15,EUR,21.0228
2023-08-16,EUR,20.8072
2023-08-17,EUR,20.8394
2023-08-18,EUR,20.7395
2023-08-21,EUR,20.754
2023-08-22,EUR,20.5573
2023-08-23,EUR,20.2505
2023-08-24,EUR,20.2037
2023-08-25,EUR,20.1153
2023-08-28,EUR,20.1953
2023-08-29,EUR,19.9781
2023-08-30,EUR,20.2211
2023-08-31,EUR,20.3446
2023-09-01,EUR,20.3541
2023-09-04,EUR,20.3222
2023-09-05,EUR,20.6568
2023-09-06,EUR,20.6689
2023-09-07,EUR,20.6281
2023-09-08,EUR,20.4762
2023-09-11,EUR,20.2663
2023-09-12,EUR,20.258
2023-09-13,EUR,20.315
2023-09-14,EUR,20.273
2023-09-15,EUR,20.3148
2023-09-18,EUR,20.2674
2023-09-19,EUR,20.2688
2023-09-20,EUR,20.256
2023-09-21,EUR,20.0629
2023-09-22,EUR,20.0551
2023-09-26,EUR,19.9258
2023-09-27,EUR,20.1315
2023-09-28,EUR,20.2056
2023-09-29,EUR,19.9242
2023-10-02,EUR,20.0285
2023-10-03,EUR,20.1569
2023-10-04,EUR,20.2594
2023-10-05,EUR,20.4573
2023-10-06,EUR,20.4825
2023-10-09,EUR,20.4215
2023-10-10,EUR,20.2952
2023-10-11,EUR,20.0646
2023-10-12,EUR,20.0019
2023-10-13,EUR,20.0225
2023-10-16,EUR,19.9079
2023-10-17,EUR,19.8136
2023-10-18,EUR,19.8351
2023-10-19,EUR,20.1364
2023-10-20,EUR,20.2224
2023-10-23,EUR,20.2265
2023-10-24,EUR,20.2261
2023-10-25,EUR,20.225
2023-10-26,EUR,20.2273
2023-10-27,EUR,19.9402
2023-10-30,EUR,19.8862
2023-10-31,EUR,19.9936
2023-11-01,EUR,19.7768
2023-11-02,EUR,19.5397
2023-11-03,EUR,19.5977
2023-11-06,EUR,19.5497
2023-11-07,EUR,19.6348
2023-11-08,EUR,19.6618
2023-11-09,EUR,19.9031
2023-11-10,EUR,19.916
2023-11-13,EUR,19.9783
2023-11-14,EUR,20.0695
2023-11-15,EUR,19.7672
2023-11-16,EUR,19.7189
2023-11-17,EUR,19.932
2023-11-20,EUR,20.0884
2023-11-21,EUR,20.0607
2023-11-22,EUR,20.4593
2023-11-23,EUR,20.51
2023-11-24,EUR,20.6152
2023-11-27,EUR,20.6064
2023-11-28,EUR,20.4558
2023-11-29,EUR,20.3634
2023-11-30,EUR,20.5059
2023-12-01,EUR,20.5019
2023-12-04,EUR,20.3277
2023-12-05,EUR,20.3632
2023-12-06,EUR,20.4037
2023-12-07,EUR,20.426
2023-12-08,EUR,20.3029
2023-12-11,EUR,20.5181
2023-12-12,EUR,20.5167
2023-12-13,EUR,20.5573
2023-12-14,EUR,20.2864
2023-12-18,EUR,20.0066
2023-12-19,EUR,20.2827
2023-12-20,EUR,20.0445
2023-12-21,EUR,19.959
2023-12-22,EUR,20.2749
2023-12-27,EUR,20.4385
2023-12-28,EUR,20.4827
2023-12-29,EUR,20.5839
2024-01-02,EUR,20.24
2024-01-03,EUR,20.3529
2024-01-04,EUR,20.4117
2024-01-05,EUR,20.5081
2024-01-08,EUR,20.5544
2024-01-09,EUR,20.4066
2024-01-10,EUR,20.4007
2024-01-11,EUR,20.4525
2024-01-12,EUR,20.3973
2024-01-15,EUR,20.4618
2024-01-16,EUR,20.5724
2024-01-17,EUR,20.6822
2024-01-18,EUR,20.6756
2024-01-19,EUR,20.6483
2024-01-22,EUR,20.8655
2024-01-23,EUR,20.8267
2024-01-24,EUR,20.4983
2024-01-25,EUR,20.5781
2024-01-26,EUR,20.4837
2024-01-29,EUR,20.3429
2024-01-30,EUR,20.4125
2024-01-31,EUR,20.2412
2024-02-01,EUR,20.1772
2024-02-02,EUR,20.2682
2024-02-05,EUR,20.416
2024-02-06,EUR,20.3818
2024-02-07,EUR,20.2896
2024-02-08,EUR,20.4335
2024-02-09,EUR,20.4999
2024-02-12,EUR,20.465
2024-02-13,EUR,20.2869
2024-02-14,EUR,20.5167
2024-02-15,EUR,20.3917
2024-02-16,EUR,20.3262
2024-02-19,EUR,20.3747
2024-02-20,EUR,20.5383
2024-02-21,EUR,20.4157
2024-02-22,EUR,20.4905
2024-02-23,EUR,20.8349
2024-02-26,EUR,20.9366
2024-02-27,EUR,20.8947
2024-02-28,EUR,20.7617
2024-02-29,EUR,20.8382
2024-03-01,EUR,20.7969
2024-03-04,EUR,20.6241
2024-03-05,EUR,20.68
2024-03-06,EUR,20.5289
2024-03-07,EUR,20.4578
2024-03-08,EUR,20.4027
2024-03-11,EUR,20.4607
2024-03-12,EUR,20.3531
2024-03-13,EUR,20.4338
2024-03-14,EUR,20.3763
2024-03-15,EUR,20.346
2024-03-18,EUR,20.4542
2024-03-19,EUR,20.6288
2024-03-20,EUR,20.5764
2024-03-22,EUR,20.5366
2024-03-25,EUR,20.5562
2024-03-26,EUR,20.5034
2024-03-27,EUR,20.5066
2024-03-28,EUR,20.4987
2024-04-02,EUR,20.2136
2024-04-03,EUR,20.3049
2024-04-04,EUR,20.2145
2024-04-05,EUR,20.2273
2024-04-08,EUR,20.1603
2024-04-09,EUR,20.1099
2024-04-10,EUR,20.1662
2024-04-11,EUR,20.2049
2024-04-12,EUR,19.9573
2024-04-15,EUR,20.1185
2024-04-16,EUR,20.2819
2024-04-17,EUR,20.1798
2024-04-18,EUR,20.3204
2024-04-19,EUR,20.4939
2024-04-22,EUR,20.3389
2024-04-23,EUR,20.5
2024-04-24,EUR,20.4411
2024-04-25,EUR,20.4684
2024-04-26,EUR,20.41
2024-04-29,EUR,20.1485
2024-04-30,EUR,20.0165
2024-05-02,EUR,19.8826
2024-05-03,EUR,19.9358
2024-05-06,EUR,19.8931
2024-05-07,EUR,19.8817
2024-05-08,EUR,19.98
2024-05-09,EUR,19.893
2024-05-10,EUR,19.842
2024-05-13,EUR,19.8297
2024-05-14,EUR,19.8818
2024-05-15,EUR,19.8698
2024-05-16,EUR,19.8193
2024-05-17,EUR,19.7553
2024-05-20,EUR,19.7166
2024-05-21,EUR,19.7644
2024-05-22,EUR,19.7294
2024-05-23,EUR,19.9134
2024-05-24,EUR,19.929
2024-05-27,EUR,19.9969
2024-05-28,EUR,19.9786
2024-05-30,EUR,20.224
2024-05-31,EUR,20.4205
2024-06-03,EUR,20.2628
2024-06-04,EUR,20.3737
2024-06-05,EUR,20.45
2024-06-06,EUR,20.5616
2024-06-07,EUR,20.5134
2024-06-10,EUR,20.2049
2024-06-11,EUR,20.092
2024-06-12,EUR,19.9487
2024-06-13,EUR,19.9089
2024-06-14,EUR,19.6684
2024-06-18,EUR,19.4966
2024-06-19,EUR,19.2946
2024-06-20,EUR,19.4002
2024-06-21,EUR,19.1821
2024-06-24,EUR,19.3709
2024-06-25,EUR,19.4677
2024-06-26,EUR,19.5455
2024-06-27,EUR,19.5703
2024-06-28,EUR,19.4761
2024-07-01,EUR,19.6645
2024-07-02,EUR,19.7672
2024-07-03,EUR,19.8995
2024-07-04,EUR,19.8238
2024-07-05,EUR,19.7075
2024-07-08,EUR,19.6726
2024-07-09,EUR,19.5733
2024-07-10,EUR,19.5617
2024-07-11,EUR,19.598
2024-07-12,EUR,19.5386
2024-07-15,EUR,19.7013
2024-07-16,EUR,19.8119
2024-07-17,EUR,19.8568
2024-07-18,EUR,19.8755
2024-07-19,EUR,19.9611
2024-07-22,EUR,19.8797
2024-07-23,EUR,19.9929
2024-07-24,EUR,19.9127
2024-07-25,EUR,20.0725
2024-07-26,EUR,19.8056
2024-07-29,EUR,19.906
2024-07-30,EUR,19.8405
2024-07-31,EUR,19.7548
2024-08-01,EUR,19.6877
2024-08-02,EUR,19.6806
2024-08-05,EUR,20.281
2024-08-06,EUR,20.2247
2024-08-07,EUR,20.0496
2024-08-08,EUR,20.0893
2024-08-12,EUR,19.9179
2024-08-13,EUR,19.8721
2024-08-14,EUR,19.908
2024-08-15,EUR,19.8393
2024-08-16,EUR,19.7175
2024-08-19,EUR,19.6468
2024-08-20,EUR,19.7213
2024-08-21,EUR,19.8476
2024-08-22,EUR,19.972
2024-08-23,EUR,19.9708
2024-08-26,EUR,19.9123
2024-08-27,EUR,19.8502
2024-08-28,EUR,19.8135
2024-08-29,EUR,19.6448
2024-08-30,EUR,19.538
2024-09-02,EUR,19.8133
2024-09-03,EUR,19.7634
2024-09-04,EUR,19.8404
2024-09-05,EUR,19.7104
2024-09-06,EUR,19.6886
2024-09-09,EUR,19.8143
2024-09-10,EUR,19.7853
2024-09-11,EUR,19.7277
2024-09-12,EUR,19.8043
2024-09-13,EUR,19.691
2024-09-16,EUR,19.6305
2024-09-17,EUR,19.6425
2024-09-18,EUR,19.5389
2024-09-19,EUR,19.4906
2024-09-20,EUR,19.6089
2024-09-23,EUR,19.3086
2024-09-25,EUR,19.2823
2024-09-26,EUR,19.1495
2024-09-27,EUR,19.1045
2024-09-30,EUR,19.1578
2024-10-01,EUR,19.1994
2024-10-02,EUR,19.2581
2024-10-03,EUR,19.1361
2024-10-04,EUR,19.2788
2024-10-07,EUR,19.0917
2024-10-08,EUR,19.2598
2024-10-09,EUR,19.3263
2024-10-10,EUR,19.2396
2024-10-11,EUR,19.1087
2024-10-14,EUR,19.0817
2024-10-15,EUR,19.2268
2024-10-16,EUR,19.162
2024-10-17,EUR,19.2293
2024-10-18,EUR,19.0735
2024-10-21,EUR,19.1363
2024-10-22,EUR,19.0325
2024-10-23,EUR,18.9615
2024-10-24,EUR,19.0844
2024-10-25,EUR,19.1307
2024-10-28,EUR,19.0882
2024-10-29,EUR,19.1547
2024-10-30,EUR,19.0225
2024-10-31,EUR,19.2662
2024-11-01,EUR,19.1751
2024-11-04,EUR,19.0967
2024-11-05,EUR,19.0135
2024-11-06,EUR,18.9797
2024-11-07,EUR,18.8536
2024-11-08,EUR,18.7865
2024-11-11,EUR,18.8783
2024-11-12,EUR,19.222
2024-11-13,EUR,19.1989
2024-11-14,EUR,19.238
2024-11-15,EUR,19.2616
2024-11-18,EUR,19.124
2024-11-19,EUR,19.0151
2024-11-20,EUR,19.1419
2024-11-21,EUR,19.1267
2024-11-22,EUR,18.8877
2024-11-25,EUR,18.9302
2024-11-26,EUR,19.021
2024-11-27,EUR,19.0506
2024-11-28,EUR,19.2316
2024-11-29,EUR,19.0666
2024-12-02,EUR,19.0674
2024-12-03,EUR,19.0133
2024-12-04,EUR,19.0726
2024-12-05,EUR,19.0516
2024-12-06,EUR,19.0895
2024-12-09,EUR,18.9098
2024-12-10,EUR,18.8136
2024-12-11,EUR,18.7761
2024-12-12,EUR,18.5732
2024-12-13,EUR,18.647
2024-12-17,EUR,18.8364
2024-12-18,EUR,18.9761
2024-12-19,EUR,19.0039
2024-12-20,EUR,19.064
2024-12-23,EUR,19.1438
2024-12-24,EUR,19.3109
2024-12-27,EUR,19.5701
2024-12-30,EUR,19.5394
2024-12-31,EUR,19.4767
2025-01-02,EUR,19.4442
2025-01-03,EUR,19.2986
2025-01-06,EUR,19.3052
2025-01-07,EUR,19.3675
2025-01-08,EUR,19.4192
2025-01-09,EUR,19.4995
2025-01-10,EUR,19.5239
2025-01-13,EUR,19.5948
2025-01-14,EUR,19.4626
2025-01-15,EUR,19.4549
2025-01-16,EUR,19.392
2025-01-17,EUR,19.2807
2025-01-20,EUR,19.2433
2025-01-21,EUR,19.3391
2025-01-22,EUR,19.2884
2025-01-23,EUR,19.292
2025-01-24,EUR,19.21
2025-01-27,EUR,19.467
2025-01-28,EUR,19.6102
2025-01-29,EUR,19.4813
2025-01-30,EUR,19.2881
2025-01-31,EUR,19.3142
2025-02-03,EUR,19.3869
2025-02-04,EUR,19.3594
2025-02-05,EUR,19.3717
2025-02-06,EUR,19.3218
2025-02-07,EUR,19.16
2025-02-10,EUR,19.1005
2025-02-11,EUR,19.0429
2025-02-12,EUR,19.1519
2025-02-13,EUR,19.2698
2025-02-14,EUR,19.2777
2025-02-17,EUR,19.3246
2025-02-18,EUR,19.2787
2025-02-19,EUR,19.1738
2025-02-20,EUR,19.3082
2025-02-21,EUR,19.202
2025-02-24,EUR,19.3011
2025-02-25,EUR,19.2535
2025-02-26,EUR,19.3285
2025-02-27,EUR,19.3508
2025-02-28,EUR,19.2468
2025-03-03,EUR,19.4368
2025-03-04,EUR,19.545
2025-03-05,EUR,19.6941
2025-03-06,EUR,19.8324
2025-03-07,EUR,19.6151
2025-03-10,EUR,19.8015
2025-03-11,EUR,19.8978
2025-03-12,EUR,20.0077
2025-03-13,EUR,19.9896
2025-03-14,EUR,19.7547
2025-03-17,EUR,19.8179
2025-03-18,EUR,19.7337
2025-03-19,EUR,19.8818
2025-03-20,EUR,19.7507
2025-03-24,EUR,19.7302
2025-03-25,EUR,19.7121
2025-03-26,EUR,19.6744
2025-03-27,EUR,19.6323
2025-03-28,EUR,19.6034
2025-03-31,EUR,19.7818
2025-04-01,EUR,19.8542
2025-04-02,EUR,19.9986
2025-04-03,EUR,20.7499
2025-04-04,EUR,21.0097
2025-04-07,EUR,21.2545
2025-04-08,EUR,21.3276
2025-04-09,EUR,21.7074
2025-04-10,EUR,21.4865
2025-04-11,EUR,22.0326
2025-04-14,EUR,21.4885
2025-04-15,EUR,21.3289
2025-04-16,EUR,21.4524
2025-04-17,EUR,21.4696
2025-04-22,EUR,21.4378
2025-04-23,EUR,21.095
2025-04-24,EUR,21.2044
2025-04-25,EUR,21.3378
2025-04-29,EUR,21.1293
2025-04-30,EUR,21.1749
2025-05-02,EUR,20.9234
2025-05-05,EUR,20.7738
2025-05-06,EUR,20.6697
2025-05-07,EUR,20.7808
2025-05-08,EUR,20.6229
2025-05-09,EUR,20.4437
2025-05-12,EUR,20.2732
2025-05-13,EUR,20.3271
2025-05-14,EUR,20.4698
2025-05-15,EUR,20.4233
2025-05-16,EUR,20.2251
2025-05-19,EUR,20.2468
2025-05-20,EUR,20.3379
2025-05-21,EUR,20.2508
2025-05-22,EUR,20.334
2025-05-23,EUR,20.3082
2025-05-26,EUR,20.3517
2025-05-27,EUR,20.3352
2025-05-28,EUR,20.2949
2025-05-29,EUR,20.2398
2025-05-30,EUR,20.2395
2025-06-02,EUR,20.4203
2025-06-03,EUR,20.388
2025-06-04,EUR,20.2737
2025-06-05,EUR,20.2949
2025-06-06,EUR,20.3053
2025-06-09,EUR,20.2333
2025-06-10,EUR,20.234
2025-06-11,EUR,20.2462
2025-06-12,EUR,20.5977
2025-06-13,EUR,20.6987
2025-06-17,EUR,20.6027
2025-06-18,EUR,20.7331
2025-06-19,EUR,20.7064
2025-06-20,EUR,20.7556
2025-06-23,EUR,20.7275
2025-06-24,EUR,20.5583
2025-06-25,EUR,20.5697
2025-06-26,EUR,20.6351
2025-06-27,EUR,20.9261
2025-06-30,EUR,20.8323
2025-07-01,EUR,20.7407
2025-07-02,EUR,20.8209
2025-07-03,EUR,20.6516
2025-07-04,EUR,20.6745
2025-07-07,EUR,20.8924
2025-07-08,EUR,20.9016
2025-07-09,EUR,20.8924
2025-07-10,EUR,20.8219
2025-07-11,EUR,20.8326
2025-07-14,EUR,20.8921
2025-07-15,EUR,20.8077
2025-07-16,EUR,20.8272
2025-07-17,EUR,20.7556
2025-07-18,EUR,20.5775
2025-07-21,EUR,20.6223
2025-07-22,EUR,20.6633
2025-07-23,EUR,20.5905
2025-07-24,EUR,20.7031
2025-07-25,EUR,20.8375
2025-07-28,EUR,20.8554
2025-07-29,EUR,20.7472
2025-07-30,EUR,20.6398
2025-07-31,EUR,20.6539
2025-08-01,EUR,20.8886
2025-08-04,EUR,20.7968
2025-08-05,EUR,20.7684
2025-08-06,EUR,20.6796
2025-08-07,EUR,20.6932
2025-08-08,EUR,20.6402
2025-08-11,EUR,20.6493
2025-08-12,EUR,20.5701
2025-08-13,EUR,20.5445
2025-08-14,EUR,20.5157
2025-08-15,EUR,20.4865
2025-08-18,EUR,20.589
2025-08-19,EUR,20.6056
2025-08-20,EUR,20.6084
2025-08-21,EUR,20.6687
2025-08-22,EUR,20.4868
2025-08-25,EUR,20.5203
2025-08-26,EUR,20.5017
2025-08-27,EUR,20.5479
2025-08-28,EUR,20.5755
2025-08-29,EUR,20.74
2025-09-01,EUR,20.6242
2025-09-02,EUR,20.6222
2025-09-03,EUR,20.5832
2025-09-04,EUR,20.6916
2025-09-05,EUR,20.6674
2025-09-08,EUR,20.5669
2025-09-09,EUR,20.5729
2025-09-10,EUR,20.5299
2025-09-11,EUR,20.502
2025-09-12,EUR,20.4134
2025-09-15,EUR,20.3613
2025-09-16,EUR,20.4772
2025-09-17,EUR,20.6047
2025-09-18,EUR,20.5461
2025-09-19,EUR,20.3761
2025-09-22,EUR,20.3823
2025-09-23,EUR,20.4314
2025-09-25,EUR,20.3247
2025-09-26,EUR,20.3883
2025-09-29,EUR,20.2522
2025-09-30,EUR,20.3124
2025-10-01,EUR,20.2432
2025-10-02,EUR,20.1933
2025-10-03,EUR,20.2444
2025-10-06,EUR,20.18
2025-10-07,EUR,20.0869
2025-10-08,EUR,19.9881
2025-10-09,EUR,19.9555
2025-10-10,EUR,19.958
2025-10-13,EUR,20.0918
2025-10-14,EUR,20.1458
2025-10-15,EUR,20.0988
2025-10-16,EUR,20.206
2025-10-17,EUR,20.4455
2025-10-20,EUR,20.1902
2025-10-21,EUR,20.1519
2025-10-22,EUR,20.2277
2025-10-23,EUR,20.1504
2025-10-24,EUR,20.1442
2025-10-27,EUR,20.0425
2025-10-28,EUR,20.1485
2025-10-29,EUR,19.9189
2025-10-30,EUR,19.9746
2025-10-31,EUR,20.0142
2025-11-03,EUR,19.9543
2025-11-04,EUR,20.1045
2025-11-05,EUR,20.0713
2025-11-06,EUR,19.9767
2025-11-07,EUR,20.0515
2025-11-10,EUR,19.894
2025-11-11,EUR,19.8245
2025-11-12,EUR,19.8443
2025-11-13,EUR,19.7627
2025-11-14,EUR,19.9088
2025-11-17,EUR,19.8099
2025-11-18,EUR,19.9626
2025-11-19,EUR,19.8878
2025-11-20,EUR,19.853
2025-11-21,EUR,19.9631
2025-11-24,EUR,19.9571
2025-11-25,EUR,19.9047
2025-11-26,EUR,19.8749
2025-11-27,EUR,19.889
2025-11-28,EUR,19.8727
2025-12-01,EUR,19.8426
2025-12-02,EUR,19.8617
2025-12-03,EUR,19.8583
2025-12-04,EUR,19.8824
2025-12-05,EUR,19.7408
2025-12-08,EUR,19.7831
2025-12-09,EUR,19.8423
2025-12-10,EUR,19.8304
2025-12-11,EUR,19.7844
2025-12-12,EUR,19.7656
2025-12-15,EUR,19.761
2025-12-17,EUR,19.6451
2025-12-18,EUR,19.6572
2025-12-19,EUR,19.6283
2025-12-22,EUR,19.5877
2025-12-23,EUR,19.6611
2025-12-24,EUR,19.6566
2025-12-29,EUR,19.6692
2025-12-30,EUR,19.6062
2025-12-31,EUR,19.4686
2026-01-02,EUR,19.389
2026-01-05,EUR,19.2428
2026-01-06,EUR,19.1369
2026-01-07,EUR,19.1669
2026-01-08,EUR,19.2276
2026-01-09,EUR,19.2748
2026-01-12,EUR,19.184
2026-01-13,EUR,19.1549
2026-01-14,EUR,19.0674
2026-01-15,EUR,19.0903
2026-01-16,EUR,19.0222
2026-01-19,EUR,19.119
2026-01-20,EUR,19.2082
2026-01-21,EUR,19.156
2026-01-22,EUR,18.9775
2026-01-23,EUR,18.9823
2026-01-26,EUR,18.9994
2026-01-27,EUR,19.0426
2026-01-28,EUR,18.9731
2026-01-29,EUR,18.7954
2026-01-30,EUR,19.0035
2026-02-02,EUR,19.1231
2026-02-03,EUR,18.847
2026-02-04,EUR,18.8739
2026-02-05,EUR,18.972
2026-02-06,EUR,19.0551
2026-02-09,EUR,18.9665
2026-02-10,EUR,18.979
2026-02-11,EUR,18.918
2026-02-12,EUR,18.8717
2026-02-13,EUR,19.0122
2026-02-16,EUR,18.852
2026-02-17,EUR,18.9406
2026-02-18,EUR,18.9146
2026-02-19,EUR,18.9453
2026-02-20,EUR,18.9941
2026-02-23,EUR,18.8813
2026-02-24,EUR,18.8887
2026-02-25,EUR,18.7605
2026-02-26,EUR,18.7376
2026-02-27,EUR,18.7773
2026-03-02,EUR,18.9183
2026-03-03,EUR,18.9214
2026-03-04,EUR,19.1362
2026-03-05,EUR,19.1174
2026-03-06,EUR,19.2809
2026-03-09,EUR,19.4833
2026-03-10,EUR,18.9536
2026-03-11,EUR,18.9585
2026-03-12,EUR,19.118
2026-03-13,EUR,19.3266
2026-03-16,EUR,19.293
2026-03-17,EUR,19.2332
2026-03-18,EUR,19.1797
2026-03-19,EUR,19.4145
2026-03-20,EUR,19.4256
2026-03-23,EUR,19.8378
2026-03-24,EUR,19.6299
2026-03-25,EUR,19.5863
2026-03-26,EUR,19.6903
2026-03-27,EUR,19.7408
2026-03-30,EUR,19.7299
2026-03-31,EUR,19.6054
2026-04-01,EUR,19.5448
2026-04-02,EUR,19.5528
2026-04-07,EUR,19.4549
2026-04-08,EUR,19.1955
2026-04-09,EUR,19.2065
2026-04-10,EUR,19.2379
2026-04-13,EUR,19.3251
2026-04-14,EUR,19.2651
2026-04-15,EUR,19.2481
2026-04-16,EUR,19.2978
2026-04-17,EUR,19.2989
2026-04-20,EUR,19.2853
2026-04-21,EUR,19.2662
2026-04-22,EUR,19.3391
2026-04-23,EUR,19.3517
2026-04-24,EUR,19.4385
2026-04-28,EUR,19.4063
2026-04-29,EUR,19.3995
2026-04-30,EUR,19.6093
2026-05-04,EUR,19.4719
2026-05-05,EUR,19.6007
2026-05-06,EUR,19.3142
2026-05-07,EUR,19.1799
2026-05-08,EUR,19.3168
2026-05-11,EUR,19.331
2026-05-12,EUR,19.4282
2026-05-13,EUR,19.2751
2026-05-14,EUR,19.2159
2026-05-15,EUR,19.3866
2026-05-18,EUR,19.3718
2026-05-19,EUR,19.3452
2026-05-20,EUR,19.3105
2026-05-21,EUR,19.1565
2026-05-22,EUR,19.1244
2026-05-25,EUR,19.0197
2026-05-26,EUR,19.0259
2026-05-27,EUR,19.048
2026-05-28,EUR,19.0554
2026-05-29,EUR,18.9304
2026-06-01,EUR,18.9339
2026-06-02,EUR,18.8664
2026-06-03,EUR,18.9253
2026-06-04,EUR,18.9036
2026-06-05,EUR,18.9492
2026-06-08,EUR,19.0928
2026-06-09,EUR,19.0038
2026-06-10,EUR,19.1087
2026-06-11,EUR,19.0897
2026-06-12,EUR,18.8329
2026-06-15,EUR,18.7685
2026-06-17,EUR,18.8295
2026-06-18,EUR,18.8396
2026-06-19,EUR,18.8832
2026-06-22,EUR,18.8498
2026-06-23,EUR,18.8329
2026-06-24,EUR,18.8553
2026-06-25,EUR,18.7963
2026-06-26,EUR,18.762
2026-06-29,EUR,18.7451
2026-06-30,EUR,18.6927
2026-07-01,EUR,18.7074
2026-07-02,EUR,18.6873
2026-07-03,EUR,18.5714
2026-07-06,EUR,18.5111
2026-07-07,EUR,18.5671
2026-07-08,EUR,18.6828
2026-07-09,EUR,18.7013
2026-07-10,EUR,18.6494
2026-07-13,EUR,18.7081
2026-07-14,EUR,18.7924
2026-07-15,EUR,18.7057
2026-07-16,EUR,18.7383
2026-07-17,EUR,18.8532
2026-07-20,EUR,18.8478
2026-07-21,EUR,18.7802
2026-07-22,EUR,18.8041
2026-07-23,EUR,18.7572
2026-07-24,EUR,19.194
2026-07-27,EUR,19.0571
2026-07-28,EUR,19.0754
2026-07-29,EUR,19.0611
2026-07-30,EUR,19.0618
2026-07-31,EUR,19.0117
2026-08-03,EUR,18.9869
2026-08-04,EUR,18.9879
2026-08-05,EUR,18.9201
2026-08-06,EUR,18.8564
2026-08-07,EUR,18.8014
2026-08-11,EUR,18.736
2026-08-12,EUR,18.6658
2026-08-13,EUR,18.6437
2026-08-14,EUR,18.6839
2023-01-03,GBP,20.3773
2023-01-04,GBP,20.3254
2023-01-05,GBP,20.403
2023-01-06,GBP,20.4375
2023-01-09,GBP,20.6709
2023-01-10,GBP,20.6465
2023-01-11,GBP,20.7062
2023-01-12,GBP,20.5166
2023-01-13,GBP,20.4423
2023-01-16,GBP,20.7529
2023-01-17,GBP,20.9057
2023-01-18,GBP,20.9134
2023-01-19,GBP,21.1525
2023-01-20,GBP,21.3162
2023-01-23,GBP,21.3307
2023-01-24,GBP,21.3958
2023-01-25,GBP,21.2335
2023-01-26,GBP,21.2014
2023-01-27,GBP,21.3486
2023-01-30,GBP,21.3484
2023-01-31,GBP,21.4607
2023-02-01,GBP,21.4335
2023-02-02,GBP,21.1142
2023-02-03,GBP,20.9124
2023-02-06,GBP,21.092
2023-02-07,GBP,21.2188
2023-02-08,GBP,21.1833
2023-02-09,GBP,21.4789
2023-02-10,GBP,21.5018
2023-02-13,GBP,21.6825
2023-02-14,GBP,21.7061
2023-02-15,GBP,21.7356
2023-02-16,GBP,21.7012
2023-02-17,GBP,21.7793
2023-02-20,GBP,21.7071
2023-02-21,GBP,21.906
2023-02-22,GBP,22.2202
2023-02-23,GBP,22.0622
2023-02-24,GBP,22.0386
2023-02-27,GBP,21.9453
2023-02-28,GBP,22.2466
2023-03-01,GBP,21.9397
2023-03-02,GBP,21.7616
2023-03-03,GBP,21.7554
2023-03-06,GBP,21.8984
2023-03-07,GBP,21.987
2023-03-08,GBP,22.0911
2023-03-09,GBP,22.0782
2023-03-10,GBP,22.0506
2023-03-13,GBP,21.9319
2023-03-14,GBP,22.1266
2023-03-15,GBP,22.1451
2023-03-16,GBP,22.1911
2023-03-17,GBP,22.237
2023-03-20,GBP,22.6008
2023-03-22,GBP,22.7476
2023-03-23,GBP,22.3192
2023-03-24,GBP,22.2617
2023-03-27,GBP,22.4178
2023-03-28,GBP,22.5072
2023-03-29,GBP,22.3292
2023-03-30,GBP,22.3369
2023-03-31,GBP,22.0127
2023-04-03,GBP,22.1045
2023-04-04,GBP,22.1992
2023-04-05,GBP,22.3525
2023-04-06,GBP,22.6224
2023-04-11,GBP,22.826
2023-04-12,GBP,22.88
2023-04-13,GBP,22.858
2023-04-14,GBP,22.6701
2023-04-17,GBP,22.4855
2023-04-18,GBP,22.6723
2023-04-19,GBP,22.7494
2023-04-20,GBP,22.6439
2023-04-21,GBP,22.4591
2023-04-24,GBP,22.5758
2023-04-25,GBP,22.7085
2023-04-26,GBP,22.7895
2023-04-28,GBP,22.9531
2023-05-02,GBP,22.9979
2023-05-03,GBP,22.9995
2023-05-04,GBP,22.9634
2023-05-05,GBP,23.1394
2023-05-08,GBP,23.1631
2023-05-09,GBP,23.2224
2023-05-10,GBP,23.6961
2023-05-11,GBP,23.8153
2023-05-12,GBP,24.2849
2023-05-15,GBP,23.7556
2023-05-16,GBP,23.9268
2023-05-17,GBP,23.8635
2023-05-18,GBP,24.1764
2023-05-19,GBP,24.006
2023-05-22,GBP,23.9962
2023-05-23,GBP,23.8548
2023-05-24,GBP,23.8569
2023-05-25,GBP,23.8683
2023-05-26,GBP,24.3935
2023-05-29,GBP,24.3461
2023-05-30,GBP,24.4537
2023-05-31,GBP,24.4423
2023-06-01,GBP,24.6792
2023-06-02,GBP,24.4762
2023-06-05,GBP,23.9656
2023-06-06,GBP,23.8804
2023-06-07,GBP,23.7858
2023-06-08,GBP,23.6411
2023-06-09,GBP,23.6122
2023-06-12,GBP,23.4805
2023-06-13,GBP,23.439
2023-06-14,GBP,23.3861
2023-06-15,GBP,23.2071
2023-06-19,GBP,23.2879
2023-06-20,GBP,23.2034
2023-06-21,GBP,23.3362
2023-06-22,GBP,23.4149
2023-06-23,GBP,23.6571
2023-06-26,GBP,23.7731
2023-06-27,GBP,23.5497
2023-06-28,GBP,23.7313
2023-06-29,GBP,23.6236
2023-06-30,GBP,23.8922
2023-07-03,GBP,23.7233
2023-07-04,GBP,23.7392
2023-07-05,GBP,23.8112
2023-07-06,GBP,23.9728
2023-07-07,GBP,24.3081
2023-07-10,GBP,24.0604
2023-07-11,GBP,24.0688
2023-07-12,GBP,23.9062
2023-07-13,GBP,23.5719
2023-07-14,GBP,23.643
2023-07-17,GBP,23.6137
2023-07-18,GBP,23.484
2023-07-19,GBP,23.0841
2023-07-20,GBP,22.9642
2023-07-21,GBP,23.0752
2023-07-24,GBP,23.1357
2023-07-25,GBP,22.7578
2023-07-26,GBP,22.7722
2023-07-27,GBP,22.7132
2023-07-28,GBP,22.8707
2023-07-31,GBP,22.74
2023-08-01,GBP,23.1704
2023-08-02,GBP,23.5141
2023-08-03,GBP,23.6584
2023-08-04,GBP,23.7384
2023-08-07,GBP,23.6717
2023-08-08,GBP,23.9523
2023-08-10,GBP,23.9837
2023-08-11,GBP,23.9769
2023-08-14,GBP,24.0785
2023-08-15,GBP,24.432
2023-08-16,GBP,24.2865
2023-08-17,GBP,24.4017
2023-08-18,GBP,24.2698
2023-08-21,GBP,24.245
2023-08-22,GBP,24.0782
2023-08-23,GBP,23.6661
2023-08-24,GBP,23.6373
2023-08-25,GBP,23.4847
2023-08-28,GBP,23.5029
2023-08-29,GBP,23.3001
2023-08-30,GBP,23.5229
2023-08-31,GBP,23.7251
2023-09-01,GBP,23.7817
2023-09-04,GBP,23.7759
2023-09-05,GBP,24.1181
2023-09-06,GBP,24.1834
2023-09-07,GBP,24.0177
2023-09-08,GBP,23.8754
2023-09-11,GBP,23.6555
2023-09-12,GBP,23.5962
2023-09-13,GBP,23.5778
2023-09-14,GBP,23.562
2023-09-15,GBP,23.6901
2023-09-18,GBP,23.5306
2023-09-19,GBP,23.4867
2023-09-20,GBP,23.4276
2023-09-21,GBP,23.1724
2023-09-22,GBP,23.0926
2023-09-26,GBP,22.9782
2023-09-27,GBP,23.1618
2023-09-28,GBP,23.3763
2023-09-29,GBP,23.0114
2023-10-02,GBP,23.1132
2023-10-03,GBP,23.2412
2023-10-04,GBP,23.3977
2023-10-05,GBP,23.5935
2023-10-06,GBP,23.6897
2023-10-09,GBP,23.592
2023-10-10,GBP,23.4763
2023-10-11,GBP,23.2349
2023-10-12,GBP,23.1683
2023-10-13,GBP,23.1677
2023-10-16,GBP,22.983
2023-10-17,GBP,22.8692
2023-10-18,GBP,22.8527
2023-10-19,GBP,23.161
2023-10-20,GBP,23.16
2023-10-23,GBP,23.2279
2023-10-24,GBP,23.2582
2023-10-25,GBP,23.1874
2023-10-26,GBP,23.1813
2023-10-27,GBP,22.8833
2023-10-30,GBP,22.7963
2023-10-31,GBP,22.8769
2023-11-01,GBP,22.7504
2023-11-02,GBP,22.4291
2023-11-03,GBP,22.4827
2023-11-06,GBP,22.5454
2023-11-07,GBP,22.6155
2023-11-08,GBP,22.5933
2023-11-09,GBP,22.8385
2023-11-10,GBP,22.8186
2023-11-13,GBP,22.8683
2023-11-14,GBP,23.0356
2023-11-15,GBP,22.6671
2023-11-16,GBP,22.508
2023-11-17,GBP,22.7843
2023-11-20,GBP,22.9582
2023-11-21,GBP,22.9438
2023-11-22,GBP,23.4976
2023-11-23,GBP,23.525
2023-11-24,GBP,23.6989
2023-11-27,GBP,23.7482
2023-11-28,GBP,23.5836
2023-11-29,GBP,23.5435
2023-11-30,GBP,23.7785
2023-12-01,GBP,23.8076
2023-12-04,GBP,23.6898
2023-12-05,GBP,23.7543
2023-12-06,GBP,23.8542
2023-12-07,GBP,23.8173
2023-12-08,GBP,23.6605
2023-12-11,GBP,23.9315
2023-12-12,GBP,23.8765
2023-12-13,GBP,23.8646
2023-12-14,GBP,23.5024
2023-12-18,GBP,23.2467
2023-12-19,GBP,23.5101
2023-12-20,GBP,23.1572
2023-12-21,GBP,23.0316
2023-12-22,GBP,23.3958
2023-12-27,GBP,23.5071
2023-12-28,GBP,23.6203
2023-12-29,GBP,23.6984
2024-01-02,GBP,23.399
2024-01-03,GBP,23.4986
2024-01-04,GBP,23.6794
2024-01-05,GBP,23.8209
2024-01-08,GBP,23.8689
2024-01-09,GBP,23.7383
2024-01-10,GBP,23.7016
2024-01-11,GBP,23.7785
2024-01-12,GBP,23.7364
2024-01-15,GBP,23.8015
2024-01-16,GBP,23.8738
2024-01-17,GBP,24.0915
2024-01-18,GBP,24.1211
2024-01-19,GBP,24.0656
2024-01-22,GBP,24.3201
2024-01-23,GBP,24.3294
2024-01-24,GBP,23.9819
2024-01-25,GBP,24.0434
2024-01-26,GBP,24.0124
2024-01-29,GBP,23.8579
2024-01-30,GBP,23.9399
2024-01-31,GBP,23.7346
2024-02-01,GBP,23.6743
2024-02-02,GBP,23.7732
2024-02-05,GBP,23.9314
2024-02-06,GBP,23.7968
2024-02-07,GBP,23.8006
2024-02-08,GBP,23.9324
2024-02-09,GBP,24.0104
2024-02-12,GBP,23.9843
2024-02-13,GBP,23.8276
2024-02-14,GBP,24.0714
2024-02-15,GBP,23.8477
2024-02-16,GBP,23.7491
2024-02-19,GBP,23.8486
2024-02-20,GBP,23.9973
2024-02-21,GBP,23.8335
2024-02-22,GBP,23.9389
2024-02-23,GBP,24.3847
2024-02-26,GBP,24.4911
2024-02-27,GBP,24.4153
2024-02-28,GBP,24.2598
2024-02-29,GBP,24.3364
2024-03-01,GBP,24.2964
2024-03-04,GBP,24.106
2024-03-05,GBP,24.1624
2024-03-06,GBP,24.0225
2024-03-07,GBP,23.9259
2024-03-08,GBP,23.913
2024-03-11,GBP,23.9942
2024-03-12,GBP,23.8142
2024-03-13,GBP,23.9257
2024-03-14,GBP,23.8586
2024-03-15,GBP,23.8208
2024-03-18,GBP,23.9233
2024-03-19,GBP,24.1313
2024-03-20,GBP,24.074
2024-03-22,GBP,23.9074
2024-03-25,GBP,23.961
2024-03-26,GBP,23.9155
2024-03-27,GBP,23.9102
2024-03-28,GBP,23.9469
2024-04-02,GBP,23.661
2024-04-03,GBP,23.7022
2024-04-04,GBP,23.5718
2024-04-05,GBP,23.5612
2024-04-08,GBP,23.5014
2024-04-09,GBP,23.4372
2024-04-10,GBP,23.5668
2024-04-11,GBP,23.6219
2024-04-12,GBP,23.3872
2024-04-15,GBP,23.5581
2024-04-16,GBP,23.7769
2024-04-17,GBP,23.6502
2024-04-18,GBP,23.7341
2024-04-19,GBP,23.9419
2024-04-22,GBP,23.6021
2024-04-23,GBP,23.7513
2024-04-24,GBP,23.77
2024-04-25,GBP,23.8842
2024-04-26,GBP,23.7891
2024-04-29,GBP,23.564
2024-04-30,GBP,23.45
2024-05-02,GBP,23.2385
2024-05-03,GBP,23.3104
2024-05-06,GBP,23.2243
2024-05-07,GBP,23.1633
2024-05-08,GBP,23.1988
2024-05-09,GBP,23.1315
2024-05-10,GBP,23.0622
2024-05-13,GBP,23.0394
2024-05-14,GBP,23.0916
2024-05-15,GBP,23.1203
2024-05-16,GBP,23.1082
2024-05-17,GBP,23.0394
2024-05-20,GBP,23.0268
2024-05-21,GBP,23.1259
2024-05-22,GBP,23.1449
2024-05-23,GBP,23.3847
2024-05-24,GBP,23.388
2024-05-27,GBP,23.4864
2024-05-28,GBP,23.4572
2024-05-30,GBP,23.7692
2024-05-31,GBP,23.9764
2024-06-03,GBP,23.7669
2024-06-04,GBP,23.9352
2024-06-05,GBP,24.0207
2024-06-06,GBP,24.1719
2024-06-07,GBP,24.0939
2024-06-10,GBP,23.8813
2024-06-11,GBP,23.769
2024-06-12,GBP,23.6637
2024-06-13,GBP,23.5644
2024-06-14,GBP,23.3874
2024-06-18,GBP,23.0588
2024-06-19,GBP,22.8744
2024-06-20,GBP,22.9905
2024-06-21,GBP,22.7144
2024-06-24,GBP,22.8868
2024-06-25,GBP,23.0353
2024-06-26,GBP,23.1488
2024-06-27,GBP,23.1329
2024-06-28,GBP,23.0141
2024-07-01,GBP,23.1762
2024-07-02,GBP,23.2895
2024-07-03,GBP,23.4807
2024-07-04,GBP,23.4131
2024-07-05,GBP,23.2533
2024-07-08,GBP,23.2651
2024-07-09,GBP,23.1636
2024-07-10,GBP,23.1404
2024-07-11,GBP,23.2693
2024-07-12,GBP,23.2226
2024-07-15,GBP,23.4584
2024-07-16,GBP,23.5731
2024-07-17,GBP,23.6602
2024-07-18,GBP,23.6233
2024-07-19,GBP,23.7008
2024-07-22,GBP,23.6012
2024-07-23,GBP,23.7573
2024-07-24,GBP,23.6883
2024-07-25,GBP,23.8603
2024-07-26,GBP,23.4889
2024-07-29,GBP,23.5331
2024-07-30,GBP,23.5575
2024-07-31,GBP,23.4362
2024-08-01,GBP,23.3361
2024-08-02,GBP,23.169
2024-08-05,GBP,23.6675
2024-08-06,GBP,23.5728
2024-08-07,GBP,23.328
2024-08-08,GBP,23.3238
2024-08-12,GBP,23.286
2024-08-13,GBP,23.2861
2024-08-14,GBP,23.2159
2024-08-15,GBP,23.1486
2024-08-16,GBP,23.1225
2024-08-19,GBP,23.0783
2024-08-20,GBP,23.1447
2024-08-21,GBP,23.2449
2024-08-22,GBP,23.4903
2024-08-23,GBP,23.5618
2024-08-26,GBP,23.5026
2024-08-27,GBP,23.4854
2024-08-28,GBP,23.5214
2024-08-29,GBP,23.3609
2024-08-30,GBP,23.2443
2024-09-02,GBP,23.5167
2024-09-03,GBP,23.4722
2024-09-04,GBP,23.5489
2024-09-05,GBP,23.3855
2024-09-06,GBP,23.33
2024-09-09,GBP,23.475
2024-09-10,GBP,23.4567
2024-09-11,GBP,23.3679
2024-09-12,GBP,23.4494
2024-09-13,GBP,23.3364
2024-09-16,GBP,23.2645
2024-09-17,GBP,23.3165
2024-09-18,GBP,23.1793
2024-09-19,GBP,23.1543
2024-09-20,GBP,23.3674
2024-09-23,GBP,23.0733
2024-09-25,GBP,23.0583
2024-09-26,GBP,22.951
2024-09-27,GBP,22.939
2024-09-30,GBP,22.9485
2024-10-01,GBP,23.044
2024-10-02,GBP,23.1207
2024-10-03,GBP,22.7472
2024-10-04,GBP,23.0113
2024-10-07,GBP,22.7933
2024-10-08,GBP,22.951
2024-10-09,GBP,23.0637
2024-10-10,GBP,23.0042
2024-10-11,GBP,22.8269
2024-10-14,GBP,22.8036
2024-10-15,GBP,23.0491
2024-10-16,GBP,22.8953
2024-10-17,GBP,23.0105
2024-10-18,GBP,22.951
2024-10-21,GBP,22.9506
2024-10-22,GBP,22.8336
2024-10-23,GBP,22.8124
2024-10-24,GBP,22.8847
2024-10-25,GBP,22.934
2024-10-28,GBP,22.8909
2024-10-29,GBP,22.9848
2024-10-30,GBP,22.8479
2024-10-31,GBP,23.0397
2024-11-01,GBP,22.7869
2024-11-04,GBP,22.7383
2024-11-05,GBP,22.6624
2024-11-06,GBP,22.7414
2024-11-07,GBP,22.6479
2024-11-08,GBP,22.5785
2024-11-11,GBP,22.7795
2024-11-12,GBP,23.1607
2024-11-13,GBP,23.0665
2024-11-14,GBP,23.1446
2024-11-15,GBP,23.0984
2024-11-18,GBP,22.8826
2024-11-19,GBP,22.7587
2024-11-20,GBP,22.9699
2024-11-21,GBP,22.9597
2024-11-22,GBP,22.6719
2024-11-25,GBP,22.7262
2024-11-26,GBP,22.7669
2024-11-27,GBP,22.8355
2024-11-28,GBP,23.0861
2024-11-29,GBP,22.933
2024-12-02,GBP,23.0339
2024-12-03,GBP,22.9376
2024-12-04,GBP,23.023
2024-12-05,GBP,23.0158
2024-12-06,GBP,23.0274
2024-12-09,GBP,22.8449
2024-12-10,GBP,22.7381
2024-12-11,GBP,22.7875
2024-12-12,GBP,22.5525
2024-12-13,GBP,22.5045
2024-12-17,GBP,22.7793
2024-12-18,GBP,22.9433
2024-12-19,GBP,23.0718
2024-12-20,GBP,22.9441
2024-12-23,GBP,23.1096
2024-12-24,GBP,23.2887
2024-12-27,GBP,23.538
2024-12-30,GBP,23.5645
2024-12-31,GBP,23.4801
2025-01-02,GBP,23.4439
2025-01-03,GBP,23.2663
2025-01-06,GBP,23.2916
2025-01-07,GBP,23.3356
2025-01-08,GBP,23.4121
2025-01-09,GBP,23.2605
2025-01-10,GBP,23.2885
2025-01-13,GBP,23.2897
2025-01-14,GBP,23.1931
2025-01-15,GBP,23.0599
2025-01-16,GBP,22.9924
2025-01-17,GBP,22.8359
2025-01-20,GBP,22.7784
2025-01-21,GBP,22.874
2025-01-22,GBP,22.8262
2025-01-23,GBP,22.8252
2025-01-24,GBP,22.7185
2025-01-27,GBP,23.1326
2025-01-28,GBP,23.3862
2025-01-29,GBP,23.2595
2025-01-30,GBP,23.0342
2025-01-31,GBP,23.0928
2025-02-03,GBP,23.3061
2025-02-04,GBP,23.2779
2025-02-05,GBP,23.2797
2025-02-06,GBP,23.2221
2025-02-07,GBP,22.9451
2025-02-10,GBP,22.9465
2025-02-11,GBP,22.8071
2025-02-12,GBP,22.9993
2025-02-13,GBP,23.0987
2025-02-14,GBP,23.1498
2025-02-17,GBP,23.2257
2025-02-18,GBP,23.246
2025-02-19,GBP,23.1554
2025-02-20,GBP,23.3278
2025-02-21,GBP,23.204
2025-02-24,GBP,23.2726
2025-02-25,GBP,23.2139
2025-02-26,GBP,23.284
2025-02-27,GBP,23.4044
2025-02-28,GBP,23.3191
2025-03-03,GBP,23.5331
2025-03-04,GBP,23.6356
2025-03-05,GBP,23.6623
2025-03-06,GBP,23.6894
2025-03-07,GBP,23.3678
2025-03-10,GBP,23.5897
2025-03-11,GBP,23.6188
2025-03-12,GBP,23.6633
2025-03-13,GBP,23.8119
2025-03-14,GBP,23.5444
2025-03-17,GBP,23.5746
2025-03-18,GBP,23.4235
2025-03-19,GBP,23.6573
2025-03-20,GBP,23.5736
2025-03-24,GBP,23.5689
2025-03-25,GBP,23.5985
2025-03-26,GBP,23.5126
2025-03-27,GBP,23.5513
2025-03-28,GBP,23.5412
2025-03-31,GBP,23.6668
2025-04-01,GBP,23.7398
2025-04-02,GBP,23.9218
2025-04-03,GBP,24.83
2025-04-04,GBP,24.8215
2025-04-07,GBP,24.9275
2025-04-08,GBP,24.8766
2025-04-09,GBP,25.2202
2025-04-10,GBP,25.0656
2025-04-11,GBP,25.3281
2025-04-14,GBP,24.8605
2025-04-15,GBP,24.8453
2025-04-16,GBP,25.0673
2025-04-17,GBP,24.9884
2025-04-22,GBP,24.9191
2025-04-23,GBP,24.6136
2025-04-24,GBP,24.7777
2025-04-25,GBP,24.9988
2025-04-29,GBP,24.8927
2025-04-30,GBP,24.9051
2025-05-02,GBP,24.5497
2025-05-05,GBP,24.3665
2025-05-06,GBP,24.2922
2025-05-07,GBP,24.4097
2025-05-08,GBP,24.2458
2025-05-09,GBP,24.102
2025-05-12,GBP,24.0482
2025-05-13,GBP,24.1717
2025-05-14,GBP,24.3189
2025-05-15,GBP,24.2222
2025-05-16,GBP,24.0195
2025-05-19,GBP,24.0423
2025-05-20,GBP,24.1671
2025-05-21,GBP,23.9785
2025-05-22,GBP,24.1157
2025-05-23,GBP,24.1536
2025-05-26,GBP,24.2502
2025-05-27,GBP,24.2594
2025-05-28,GBP,24.1996
2025-05-29,GBP,24.1737
2025-05-30,GBP,24.0586
2025-06-02,GBP,24.2325
2025-06-03,GBP,24.1383
2025-06-04,GBP,24.0871
2025-06-05,GBP,24.1199
2025-06-06,GBP,24.0722
2025-06-09,GBP,24.0337
2025-06-10,GBP,23.9385
2025-06-11,GBP,23.8979
2025-06-12,GBP,24.1888
2025-06-13,GBP,24.3317
2025-06-17,GBP,24.1572
2025-06-18,GBP,24.252
2025-06-19,GBP,24.2204
2025-06-20,GBP,24.2972
2025-06-23,GBP,24.2159
2025-06-24,GBP,24.1041
2025-06-25,GBP,24.1419
2025-06-26,GBP,24.196
2025-06-27,GBP,24.5486
2025-06-30,GBP,24.3502
2025-07-01,GBP,24.2162
2025-07-02,GBP,24.2309
2025-07-03,GBP,23.933
2025-07-04,GBP,24.0008
2025-07-07,GBP,24.1894
2025-07-08,GBP,24.2289
2025-07-09,GBP,24.2511
2025-07-10,GBP,24.1571
2025-07-11,GBP,24.1376
2025-07-14,GBP,24.1048
2025-07-15,GBP,23.9423
2025-07-16,GBP,24.0053
2025-07-17,GBP,23.9546
2025-07-18,GBP,23.7587
2025-07-21,GBP,23.8224
2025-07-22,GBP,23.8228
2025-07-23,GBP,23.7615
2025-07-24,GBP,23.8603
2025-07-25,GBP,23.8895
2025-07-28,GBP,23.9518
2025-07-29,GBP,23.9293
2025-07-30,GBP,23.8706
2025-07-31,GBP,23.9023
2025-08-01,GBP,24.1134
2025-08-04,GBP,23.8849
2025-08-05,GBP,23.9059
2025-08-06,GBP,23.7389
2025-08-07,GBP,23.6908
2025-08-08,GBP,23.8065
2025-08-11,GBP,23.8528
2025-08-12,GBP,23.8293
2025-08-13,GBP,23.7712
2025-08-14,GBP,23.8429
2025-08-15,GBP,23.773
2025-08-18,GBP,23.8693
2025-08-19,GBP,23.8571
2025-08-20,GBP,23.9055
2025-08-21,GBP,23.8848
2025-08-22,GBP,23.6962
2025-08-25,GBP,23.6795
2025-08-26,GBP,23.7673
2025-08-27,GBP,23.8273
2025-08-28,GBP,23.8566
2025-08-29,GBP,23.9313
2025-09-01,GBP,23.8007
2025-09-02,GBP,23.7447
2025-09-03,GBP,23.6538
2025-09-04,GBP,23.8701
2025-09-05,GBP,23.8342
2025-09-08,GBP,23.6915
2025-09-09,GBP,23.7509
2025-09-10,GBP,23.7404
2025-09-11,GBP,23.7046
2025-09-12,GBP,23.5686
2025-09-15,GBP,23.5766
2025-09-16,GBP,23.6616
2025-09-17,GBP,23.7255
2025-09-18,GBP,23.6864
2025-09-19,GBP,23.3781
2025-09-22,GBP,23.3846
2025-09-23,GBP,23.3751
2025-09-25,GBP,23.2909
2025-09-26,GBP,23.3231
2025-09-29,GBP,23.2163
2025-09-30,GBP,23.2408
2025-10-01,GBP,23.198
2025-10-02,GBP,23.1949
2025-10-03,GBP,23.2052
2025-10-06,GBP,23.2262
2025-10-07,GBP,23.1195
2025-10-08,GBP,23.0715
2025-10-09,GBP,22.9474
2025-10-10,GBP,22.912
2025-10-13,GBP,23.0928
2025-10-14,GBP,23.135
2025-10-15,GBP,23.0658
2025-10-16,GBP,23.291
2025-10-17,GBP,23.4427
2025-10-20,GBP,23.2438
2025-10-21,GBP,23.1986
2025-10-22,GBP,23.2402
2025-10-23,GBP,23.1907
2025-10-24,GBP,23.0946
2025-10-27,GBP,22.9607
2025-10-28,GBP,23.0257
2025-10-29,GBP,22.6318
2025-10-30,GBP,22.6951
2025-10-31,GBP,22.7409
2025-11-03,GBP,22.7296
2025-11-04,GBP,22.8707
2025-11-05,GBP,22.7725
2025-11-06,GBP,22.6795
2025-11-07,GBP,22.782
2025-11-10,GBP,22.6561
2025-11-11,GBP,22.5068
2025-11-12,GBP,22.5274
2025-11-13,GBP,22.3593
2025-11-14,GBP,22.4725
2025-11-17,GBP,22.477
2025-11-18,GBP,22.6649
2025-11-19,GBP,22.5589
2025-11-20,GBP,22.5218
2025-11-21,GBP,22.6347
2025-11-24,GBP,22.6712
2025-11-25,GBP,22.6591
2025-11-26,GBP,22.6427
2025-11-27,GBP,22.6906
2025-11-28,GBP,22.6678
2025-12-01,GBP,22.5752
2025-12-02,GBP,22.5968
2025-12-03,GBP,22.5883
2025-12-04,GBP,22.7392
2025-12-05,GBP,22.6107
2025-12-08,GBP,22.6205
2025-12-09,GBP,22.7236
2025-12-10,GBP,22.6719
2025-12-11,GBP,22.6093
2025-12-12,GBP,22.5361
2025-12-15,GBP,22.5164
2025-12-17,GBP,22.3501
2025-12-18,GBP,22.4022
2025-12-19,GBP,22.4164
2025-12-22,GBP,22.4033
2025-12-23,GBP,22.5446
2025-12-24,GBP,22.5229
2025-12-29,GBP,22.5282
2025-12-30,GBP,22.4958
2025-12-31,GBP,22.316
2026-01-02,GBP,22.2487
2026-01-05,GBP,22.1137
2026-01-06,GBP,22.116
2026-01-07,GBP,22.136
2026-01-08,GBP,22.1424
2026-01-09,GBP,22.2079
2026-01-12,GBP,22.0888
2026-01-13,GBP,22.1261
2026-01-14,GBP,22.0129
2026-01-15,GBP,22.0508
2026-01-16,GBP,21.94
2026-01-19,GBP,22.0348
2026-01-20,GBP,22.1318
2026-01-21,GBP,21.9933
2026-01-22,GBP,21.7866
2026-01-23,GBP,21.826
2026-01-26,GBP,21.8973
2026-01-27,GBP,21.957
2026-01-28,GBP,21.8335
2026-01-29,GBP,21.7153
2026-01-30,GBP,21.9207
2026-02-02,GBP,22.0773
2026-02-03,GBP,21.8443
2026-02-04,GBP,21.9009
2026-02-05,GBP,21.8939
2026-02-06,GBP,21.9252
2026-02-09,GBP,21.7429
2026-02-10,GBP,21.7969
2026-02-11,GBP,21.7187
2026-02-12,GBP,21.6662
2026-02-13,GBP,21.8296
2026-02-16,GBP,21.6854
2026-02-17,GBP,21.7353
2026-02-18,GBP,21.6736
2026-02-19,GBP,21.6932
2026-02-20,GBP,21.7265
2026-02-23,GBP,21.5924
2026-02-24,GBP,21.61
2026-02-25,GBP,21.4989
2026-02-26,GBP,21.4745
2026-02-27,GBP,21.4441
2026-03-02,GBP,21.5476
2026-03-03,GBP,21.6575
2026-03-04,GBP,22.0112
2026-03-05,GBP,21.9769
2026-03-06,GBP,22.2062
2026-03-09,GBP,22.5076
2026-03-10,GBP,21.911
2026-03-11,GBP,21.9176
2026-03-12,GBP,22.1546
2026-03-13,GBP,22.4013
2026-03-16,GBP,22.3428
2026-03-17,GBP,22.273
2026-03-18,GBP,22.2167
2026-03-19,GBP,22.4744
2026-03-20,GBP,22.5387
2026-03-23,GBP,22.8999
2026-03-24,GBP,22.7008
2026-03-25,GBP,22.6345
2026-03-26,GBP,22.7334
2026-03-27,GBP,22.8173
2026-03-30,GBP,22.7182
2026-03-31,GBP,22.5781
2026-04-01,GBP,22.3856
2026-04-02,GBP,22.398
2026-04-07,GBP,22.3178
2026-04-08,GBP,22.048
2026-04-09,GBP,22.0484
2026-04-10,GBP,22.095
2026-04-13,GBP,22.1978
2026-04-14,GBP,22.1326
2026-04-15,GBP,22.1397
2026-04-16,GBP,22.1999
2026-04-17,GBP,22.147
2026-04-20,GBP,22.1327
2026-04-21,GBP,22.1037
2026-04-22,GBP,22.2574
2026-04-23,GBP,22.3139
2026-04-24,GBP,22.4116
2026-04-28,GBP,22.4036
2026-04-29,GBP,22.3917
2026-04-30,GBP,22.6425
2026-05-04,GBP,22.5334
2026-05-05,GBP,22.709
2026-05-06,GBP,22.3787
2026-05-07,GBP,22.1952
2026-05-08,GBP,22.3566
2026-05-11,GBP,22.338
2026-05-12,GBP,22.3547
2026-05-13,GBP,22.2734
2026-05-14,GBP,22.1781
2026-05-15,GBP,22.2457
2026-05-18,GBP,22.249
2026-05-19,GBP,22.281
2026-05-20,GBP,22.2986
2026-05-21,GBP,22.1435
2026-05-22,GBP,22.1262
2026-05-25,GBP,22.0368
2026-05-26,GBP,22.029
2026-05-27,GBP,21.9911
2026-05-28,GBP,21.9917
2026-05-29,GBP,21.8289
2026-06-01,GBP,21.8741
2026-06-02,GBP,21.8185
2026-06-03,GBP,21.9249
2026-06-04,GBP,21.8693
2026-06-05,GBP,21.9075
2026-06-08,GBP,22.101
2026-06-09,GBP,22.0176
2026-06-10,GBP,22.1488
2026-06-11,GBP,22.1211
2026-06-12,GBP,21.8124
2026-06-15,GBP,21.7195
2026-06-17,GBP,21.7662
2026-06-18,GBP,21.7435
2026-06-19,GBP,21.7906
2026-06-22,GBP,21.7264
2026-06-23,GBP,21.8194
2026-06-24,GBP,21.9021
2026-06-25,GBP,21.8163
2026-06-26,GBP,21.7428
2026-06-29,GBP,21.7159
2026-06-30,GBP,21.7075
2026-07-01,GBP,21.7507
2026-07-02,GBP,21.849
2026-07-03,GBP,21.67
2026-07-06,GBP,21.6195
2026-07-07,GBP,21.7442
2026-07-08,GBP,21.8506
2026-07-09,GBP,21.9415
2026-07-10,GBP,21.8806
2026-07-13,GBP,21.9183
2026-07-14,GBP,22.027
2026-07-15,GBP,21.9382
2026-07-16,GBP,22.1008
2026-07-17,GBP,22.1655
2026-07-20,GBP,22.1904
2026-07-21,GBP,22.0915
2026-07-22,GBP,22.0486
2026-07-23,GBP,21.9594
2026-07-24,GBP,22.4733
2026-07-27,GBP,22.2981
2026-07-28,GBP,22.3159
2026-07-29,GBP,22.2522
2026-07-30,GBP,22.2289
2026-07-31,GBP,22.2018
2026-08-03,GBP,22.1729
2026-08-04,GBP,22.1668
2026-08-05,GBP,22.0748
2026-08-06,GBP,21.9966
2026-08-07,GBP,21.9424
2026-08-11,GBP,21.9342
2026-08-12,GBP,21.856
2026-08-13,GBP,21.8047
2026-08-14,GBP,21.8686
2023-01-03,USD,17.0707
2023-01-04,USD,16.8215
2023-01-05,USD,16.9791
2023-01-06,USD,17.1939
2023-01-09,USD,17.0166
2023-01-10,USD,16.9657
2023-01-11,USD,17.0365
2023-01-12,USD,16.893
2023-01-13,USD,16.7265
2023-01-16,USD,17.0182
2023-01-17,USD,17.1099
2023-01-18,USD,16.9614
2023-01-19,USD,17.1477
2023-01-20,USD,17.2468
2023-01-23,USD,17.1946
2023-01-24,USD,17.2554
2023-01-25,USD,17.2392
2023-01-26,USD,17.0717
2023-01-27,USD,17.2577
2023-01-30,USD,17.2394
2023-01-31,USD,17.4258
2023-02-01,USD,17.3973
2023-02-02,USD,17.0461
2023-02-03,USD,17.1455
2023-02-06,USD,17.5008
2023-02-07,USD,17.6448
2023-02-08,USD,17.5344
2023-02-09,USD,17.7007
2023-02-10,USD,17.7503
2023-02-13,USD,17.9937
2023-02-14,USD,17.8519
2023-02-15,USD,17.9856
2023-02-16,USD,18.0048
2023-02-17,USD,18.2712
2023-02-20,USD,18.0367
2023-02-21,USD,18.2314
2023-02-22,USD,18.3646
2023-02-23,USD,18.3119
2023-02-24,USD,18.309
2023-02-27,USD,18.3413
2023-02-28,USD,18.4803
2023-03-01,USD,18.1575
2023-03-02,USD,18.1847
2023-03-03,USD,18.1537
2023-03-06,USD,18.1994
2023-03-07,USD,18.2798
2023-03-08,USD,18.6706
2023-03-09,USD,18.6267
2023-03-10,USD,18.4585
2023-03-13,USD,18.1428
2023-03-14,USD,18.2052
2023-03-15,USD,18.2294
2023-03-16,USD,18.3496
2023-03-17,USD,18.3149
2023-03-20,USD,18.5427
2023-03-22,USD,18.5316
2023-03-23,USD,18.128
2023-03-24,USD,18.1647
2023-03-27,USD,18.3017
2023-03-28,USD,18.2859
2023-03-29,USD,18.1442
2023-03-30,USD,18.0836
2023-03-31,USD,17.8139
2023-04-03,USD,17.9478
2023-04-04,USD,17.8028
2023-04-05,USD,17.9286
2023-04-06,USD,18.1575
2023-04-11,USD,18.3474
2023-04-12,USD,18.4256
2023-04-13,USD,18.2601
2023-04-14,USD,18.1129
2023-04-17,USD,18.1459
2023-04-18,USD,18.2393
2023-04-19,USD,18.277
2023-04-20,USD,18.1901
2023-04-21,USD,18.0983
2023-04-24,USD,18.1616
2023-04-25,USD,18.2179
2023-04-26,USD,18.2813
2023-04-28,USD,18.4303
2023-05-02,USD,18.4292
2023-05-03,USD,18.3746
2023-05-04,USD,18.2713
2023-05-05,USD,18.3544
2023-05-08,USD,18.3237
2023-05-09,USD,18.413
2023-05-10,USD,18.7662
2023-05-11,USD,18.9363
2023-05-12,USD,19.3767
2023-05-15,USD,19.025
2023-05-16,USD,19.1078
2023-05-17,USD,19.1906
2023-05-18,USD,19.4532
2023-05-19,USD,19.3487
2023-05-22,USD,19.3112
2023-05-23,USD,19.2486
2023-05-24,USD,19.2015
2023-05-25,USD,19.3032
2023-05-26,USD,19.7446
2023-05-29,USD,19.7182
2023-05-30,USD,19.7773
2023-05-31,USD,19.7754
2023-06-01,USD,19.8618
2023-06-02,USD,19.5325
2023-06-05,USD,19.3505
2023-06-06,USD,19.2197
2023-06-07,USD,19.1543
2023-06-08,USD,18.963
2023-06-09,USD,18.8235
2023-06-12,USD,18.6442
2023-06-13,USD,18.6557
2023-06-14,USD,18.5134
2023-06-15,USD,18.3303
2023-06-19,USD,18.1639
2023-06-20,USD,18.1404
2023-06-21,USD,18.3266
2023-06-22,USD,18.3344
2023-06-23,USD,18.6313
2023-06-26,USD,18.6639
2023-06-27,USD,18.5001
2023-06-28,USD,18.6692
2023-06-29,USD,18.6881
2023-06-30,USD,18.9237
2023-07-03,USD,18.7255
2023-07-04,USD,18.6989
2023-07-05,USD,18.7475
2023-07-06,USD,18.8717
2023-07-07,USD,19.0764
2023-07-10,USD,18.7796
2023-07-11,USD,18.666
2023-07-12,USD,18.4797
2023-07-13,USD,18.0317
2023-07-14,USD,18.0212
2023-07-17,USD,18.0381
2023-07-18,USD,17.9507
2023-07-19,USD,17.8435
2023-07-20,USD,17.7673
2023-07-21,USD,17.956
2023-07-24,USD,18.029
2023-07-25,USD,17.7103
2023-07-26,USD,17.6488
2023-07-27,USD,17.4946
2023-07-28,USD,17.8692
2023-07-31,USD,17.7117
2023-08-01,USD,18.08
2023-08-02,USD,18.3776
2023-08-03,USD,18.6493
2023-08-04,USD,18.685
2023-08-07,USD,18.593
2023-08-08,USD,18.792
2023-08-10,USD,18.793
2023-08-11,USD,18.8743
2023-08-14,USD,18.9699
2023-08-15,USD,19.2499
2023-08-16,USD,19.0333
2023-08-17,USD,19.1627
2023-08-18,USD,19.0725
2023-08-21,USD,19.071
2023-08-22,USD,18.8288
2023-08-23,USD,18.7366
2023-08-24,USD,18.6003
2023-08-25,USD,18.6564
2023-08-28,USD,18.6976
2023-08-29,USD,18.4811
2023-08-30,USD,18.5753
2023-08-31,USD,18.687
2023-09-01,USD,18.7612
2023-09-04,USD,18.8264
2023-09-05,USD,19.2291
2023-09-06,USD,19.2574
2023-09-07,USD,19.2588
2023-09-08,USD,19.1072
2023-09-11,USD,18.8866
2023-09-12,USD,18.8974
2023-09-13,USD,18.9205
2023-09-14,USD,18.8964
2023-09-15,USD,19.0481
2023-09-18,USD,19.0162
2023-09-19,USD,18.9623
2023-09-20,USD,18.9406
2023-09-21,USD,18.8225
2023-09-22,USD,18.8488
2023-09-26,USD,18.8299
2023-09-27,USD,19.0522
2023-09-28,USD,19.2105
2023-09-29,USD,18.784
2023-10-02,USD,18.9655
2023-10-03,USD,19.2227
2023-10-04,USD,19.325
2023-10-05,USD,19.4553
2023-10-06,USD,19.4202
2023-10-09,USD,19.3678
2023-10-10,USD,19.1573
2023-10-11,USD,18.9271
2023-10-12,USD,18.8253
2023-10-13,USD,18.9642
2023-10-16,USD,18.9005
2023-10-17,USD,18.7923
2023-10-18,USD,18.7548
2023-10-19,USD,19.1065
2023-10-20,USD,19.1057
2023-10-23,USD,19.0807
2023-10-24,USD,18.9863
2023-10-25,USD,19.0937
2023-10-26,USD,19.1819
2023-10-27,USD,18.8845
2023-10-30,USD,18.8477
2023-10-31,USD,18.8016
2023-11-01,USD,18.7316
2023-11-02,USD,18.4389
2023-11-03,USD,18.4397
2023-11-06,USD,18.1891
2023-11-07,USD,18.3486
2023-11-08,USD,18.4134
2023-11-09,USD,18.6079
2023-11-10,USD,18.6541
2023-11-13,USD,18.6871
2023-11-14,USD,18.7548
2023-11-15,USD,18.1751
2023-11-16,USD,18.1758
2023-11-17,USD,18.384
2023-11-20,USD,18.3842
2023-11-21,USD,18.3052
2023-11-22,USD,18.7665
2023-11-23,USD,18.7675
2023-11-24,USD,18.8957
2023-11-27,USD,18.8238
2023-11-28,USD,18.6845
2023-11-29,USD,18.5316
2023-11-30,USD,18.7328
2023-12-01,USD,18.8143
2023-12-04,USD,18.699
2023-12-05,USD,18.8235
2023-12-06,USD,18.9274
2023-12-07,USD,18.9462
2023-12-08,USD,18.8313
2023-12-11,USD,19.0689
2023-12-12,USD,19.0304
2023-12-13,USD,19.0734
2023-12-14,USD,18.6113
2023-12-18,USD,18.3211
2023-12-19,USD,18.5484
2023-12-20,USD,18.2888
2023-12-21,USD,18.224
2023-12-22,USD,18.4175
2023-12-27,USD,18.4914
2023-12-28,USD,18.4346
2023-12-29,USD,18.5826
2024-01-02,USD,18.35
2024-01-03,USD,18.5803
2024-01-04,USD,18.6562
2024-01-05,USD,18.7906
2024-01-08,USD,18.8003
2024-01-09,USD,18.6387
2024-01-10,USD,18.6495
2024-01-11,USD,18.6279
2024-01-12,USD,18.5818
2024-01-15,USD,18.673
2024-01-16,USD,18.8547
2024-01-17,USD,19.0093
2024-01-18,USD,19.005
2024-01-19,USD,18.9904
2024-01-22,USD,19.1444
2024-01-23,USD,19.0983
2024-01-24,USD,18.8663
2024-01-25,USD,18.8946
2024-01-26,USD,18.9156
2024-01-29,USD,18.7665
2024-01-30,USD,18.8637
2024-01-31,USD,18.7063
2024-02-01,USD,18.7164
2024-02-02,USD,18.634
2024-02-05,USD,18.9563
2024-02-06,USD,18.9457
2024-02-07,USD,18.8512
2024-02-08,USD,18.9691
2024-02-09,USD,19.0113
2024-02-12,USD,18.9877
2024-02-13,USD,18.8435
2024-02-14,USD,19.1781
2024-02-15,USD,18.9991
2024-02-16,USD,18.8852
2024-02-19,USD,18.89
2024-02-20,USD,19.0681
2024-02-21,USD,18.8877
2024-02-22,USD,18.854
2024-02-23,USD,19.2452
2024-02-26,USD,19.3231
2024-02-27,USD,19.2436
2024-02-28,USD,19.1936
2024-02-29,USD,19.2155
2024-03-01,USD,19.2279
2024-03-04,USD,19.0268
2024-03-05,USD,19.0608
2024-03-06,USD,18.8893
2024-03-07,USD,18.7824
2024-03-08,USD,18.6616
2024-03-11,USD,18.6958
2024-03-12,USD,18.6281
2024-03-13,USD,18.6934
2024-03-14,USD,18.6221
2024-03-15,USD,18.6815
2024-03-18,USD,18.7722
2024-03-19,USD,19.0145
2024-03-20,USD,18.9522
2024-03-22,USD,18.9907
2024-03-25,USD,19.0001
2024-03-26,USD,18.9041
2024-03-27,USD,18.9455
2024-03-28,USD,18.9926
2024-04-02,USD,18.8384
2024-04-03,USD,18.8532
2024-04-04,USD,18.6154
2024-04-05,USD,18.6668
2024-04-08,USD,18.6186
2024-04-09,USD,18.5259
2024-04-10,USD,18.5726
2024-04-11,USD,18.8005
2024-04-12,USD,18.6866
2024-04-15,USD,18.8782
2024-04-16,USD,19.1086
2024-04-17,USD,18.9641
2024-04-18,USD,19.0337
2024-04-19,USD,19.2467
2024-04-22,USD,19.0886
2024-04-23,USD,19.1992
2024-04-24,USD,19.1262
2024-04-25,USD,19.083
2024-04-26,USD,18.9895
2024-04-29,USD,18.797
2024-04-30,USD,18.7061
2024-05-02,USD,18.5663
2024-05-03,USD,18.5622
2024-05-06,USD,18.4657
2024-05-07,USD,18.4723
2024-05-08,USD,18.5895
2024-05-09,USD,18.543
2024-05-10,USD,18.4012
2024-05-13,USD,18.3984
2024-05-14,USD,18.4415
2024-05-15,USD,18.3385
2024-05-16,USD,18.2314
2024-05-17,USD,18.2194
2024-05-20,USD,18.1335
2024-05-21,USD,18.1951
2024-05-22,USD,18.1871
2024-05-23,USD,18.3669
2024-05-24,USD,18.4186
2024-05-27,USD,18.4286
2024-05-28,USD,18.3762
2024-05-30,USD,18.6982
2024-05-31,USD,18.8538
2024-06-03,USD,18.6978
2024-06-04,USD,18.7345
2024-06-05,USD,18.8029
2024-06-06,USD,18.9072
2024-06-07,USD,18.8447
2024-06-10,USD,18.7813
2024-06-11,USD,18.6746
2024-06-12,USD,18.5517
2024-06-13,USD,18.4154
2024-06-14,USD,18.3748
2024-06-18,USD,18.1888
2024-06-19,USD,17.9668
2024-06-20,USD,18.1006
2024-06-21,USD,17.9574
2024-06-24,USD,18.0766
2024-06-25,USD,18.1416
2024-06-26,USD,18.2727
2024-06-27,USD,18.3166
2024-06-28,USD,18.2138
2024-07-01,USD,18.3232
2024-07-02,USD,18.4464
2024-07-03,USD,18.4931
2024-07-04,USD,18.3502
2024-07-05,USD,18.2022
2024-07-08,USD,18.1531
2024-07-09,USD,18.0916
2024-07-10,USD,18.0876
2024-07-11,USD,18.081
2024-07-12,USD,17.9533
2024-07-15,USD,18.063
2024-07-16,USD,18.1744
2024-07-17,USD,18.1673
2024-07-18,USD,18.176
2024-07-19,USD,18.35
2024-07-22,USD,18.2516
2024-07-23,USD,18.3809
2024-07-24,USD,18.3816
2024-07-25,USD,18.5085
2024-07-26,USD,18.2658
2024-07-29,USD,18.3702
2024-07-30,USD,18.3149
2024-07-31,USD,18.2703
2024-08-01,USD,18.2555
2024-08-02,USD,18.2067
2024-08-05,USD,18.4953
2024-08-06,USD,18.4979
2024-08-07,USD,18.3512
2024-08-08,USD,18.3673
2024-08-12,USD,18.2456
2024-08-13,USD,18.1937
2024-08-14,USD,18.0858
2024-08-15,USD,18.0194
2024-08-16,USD,17.9446
2024-08-19,USD,17.7984
2024-08-20,USD,17.7933
2024-08-21,USD,17.8526
2024-08-22,USD,17.9185
2024-08-23,USD,17.9553
2024-08-26,USD,17.805
2024-08-27,USD,17.767
2024-08-28,USD,17.7755
2024-08-29,USD,17.7252
2024-08-30,USD,17.6113
2024-09-02,USD,17.895
2024-09-03,USD,17.8829
2024-09-04,USD,17.9413
2024-09-05,USD,17.7627
2024-09-06,USD,17.7112
2024-09-09,USD,17.9356
2024-09-10,USD,17.9271
2024-09-11,USD,17.862
2024-09-12,USD,17.9737
2024-09-13,USD,17.7564
2024-09-16,USD,17.6494
2024-09-17,USD,17.6419
2024-09-18,USD,17.5528
2024-09-19,USD,17.467
2024-09-20,USD,17.5715
2024-09-23,USD,17.4053
2024-09-25,USD,17.2379
2024-09-26,USD,17.186
2024-09-27,USD,17.1564
2024-09-30,USD,17.1136
2024-10-01,USD,17.2789
2024-10-02,USD,17.3833
2024-10-03,USD,17.3279
2024-10-04,USD,17.4904
2024-10-07,USD,17.3948
2024-10-08,USD,17.5272
2024-10-09,USD,17.6375
2024-10-10,USD,17.5953
2024-10-11,USD,17.4565
2024-10-14,USD,17.4613
2024-10-15,USD,17.6344
2024-10-16,USD,17.6138
2024-10-17,USD,17.7147
2024-10-18,USD,17.593
2024-10-21,USD,17.6347
2024-10-22,USD,17.5731
2024-10-23,USD,17.5879
2024-10-24,USD,17.6675
2024-10-25,USD,17.6735
2024-10-28,USD,17.6546
2024-10-29,USD,17.7071
2024-10-30,USD,17.5476
2024-10-31,USD,17.7454
2024-11-01,USD,17.6574
2024-11-04,USD,17.5335
2024-11-05,USD,17.4628
2024-11-06,USD,17.6481
2024-11-07,USD,17.5137
2024-11-08,USD,17.4264
2024-11-11,USD,17.6606
2024-11-12,USD,18.0964
2024-11-13,USD,18.1062
2024-11-14,USD,18.2463
2024-11-15,USD,18.2358
2024-11-18,USD,18.1313
2024-11-19,USD,17.9634
2024-11-20,USD,18.1036
2024-11-21,USD,18.1701
2024-11-22,USD,18.0286
2024-11-25,USD,18.102
2024-11-26,USD,18.1489
2024-11-27,USD,18.1141
2024-11-28,USD,18.2506
2024-11-29,USD,18.0419
2024-12-02,USD,18.1577
2024-12-03,USD,18.076
2024-12-04,USD,18.1583
2024-12-05,USD,18.0679
2024-12-06,USD,18.0388
2024-12-09,USD,17.907
2024-12-10,USD,17.8387
2024-12-11,USD,17.8761
2024-12-12,USD,17.6702
2024-12-13,USD,17.8176
2024-12-17,USD,17.9548
2024-12-18,USD,18.082
2024-12-19,USD,18.2783
2024-12-20,USD,18.3414
2024-12-23,USD,18.3854
2024-12-24,USD,18.5664
2024-12-27,USD,18.7921
2024-12-30,USD,18.7563
2024-12-31,USD,18.7115
2025-01-02,USD,18.7604
2025-01-03,USD,18.773
2025-01-06,USD,18.6713
2025-01-07,USD,18.6119
2025-01-08,USD,18.8079
2025-01-09,USD,18.9325
2025-01-10,USD,18.9368
2025-01-13,USD,19.1692
2025-01-14,USD,18.9555
2025-01-15,USD,18.8891
2025-01-16,USD,18.8354
2025-01-17,USD,18.7264
2025-01-20,USD,18.6647
2025-01-21,USD,18.6536
2025-01-22,USD,18.5225
2025-01-23,USD,18.5616
2025-01-24,USD,18.3118
2025-01-27,USD,18.5834
2025-01-28,USD,18.7954
2025-01-29,USD,18.6853
2025-01-30,USD,18.5035
2025-01-31,USD,18.591
2025-02-03,USD,18.9288
2025-02-04,USD,18.7445
2025-02-05,USD,18.6186
2025-02-06,USD,18.6486
2025-02-07,USD,18.4284
2025-02-10,USD,18.5127
2025-02-11,USD,18.4748
2025-02-12,USD,18.4659
2025-02-13,USD,18.4975
2025-02-14,USD,18.3904
2025-02-17,USD,18.4492
2025-02-18,USD,18.4185
2025-02-19,USD,18.3482
2025-02-20,USD,18.4936
2025-02-21,USD,18.3322
2025-02-24,USD,18.4126
2025-02-25,USD,18.4076
2025-02-26,USD,18.3932
2025-02-27,USD,18.476
2025-02-28,USD,18.5065
2025-03-03,USD,18.6964
2025-03-04,USD,18.5851
2025-03-05,USD,18.4178
2025-03-06,USD,18.3625
2025-03-07,USD,18.0809
2025-03-10,USD,18.3008
2025-03-11,USD,18.2985
2025-03-12,USD,18.333
2025-03-13,USD,18.3677
2025-03-14,USD,18.1979
2025-03-17,USD,18.2141
2025-03-18,USD,18.0167
2025-03-19,USD,18.2301
2025-03-20,USD,18.1741
2025-03-24,USD,18.1929
2025-03-25,USD,18.2807
2025-03-26,USD,18.2296
2025-03-27,USD,18.2448
2025-03-28,USD,18.1883
2025-03-31,USD,18.2953
2025-04-01,USD,18.3673
2025-04-02,USD,18.5232
2025-04-03,USD,18.885
2025-04-04,USD,19.0919
2025-04-07,USD,19.3672
2025-04-08,USD,19.4843
2025-04-09,USD,19.691
2025-04-10,USD,19.4783
2025-04-11,USD,19.3565
2025-04-14,USD,18.8802
2025-04-15,USD,18.7845
2025-04-16,USD,18.8717
2025-04-17,USD,18.8727
2025-04-22,USD,18.6213
2025-04-23,USD,18.5043
2025-04-24,USD,18.6355
2025-04-25,USD,18.8032
2025-04-29,USD,18.5434
2025-04-30,USD,18.6325
2025-05-02,USD,18.473
2025-05-05,USD,18.3441
2025-05-06,USD,18.2265
2025-05-07,USD,18.2817
2025-05-08,USD,18.2649
2025-05-09,USD,18.1779
2025-05-12,USD,18.2452
2025-05-13,USD,18.3036
2025-05-14,USD,18.2164
2025-05-15,USD,18.2293
2025-05-16,USD,18.0516
2025-05-19,USD,17.9964
2025-05-20,USD,18.0581
2025-05-21,USD,17.887
2025-05-22,USD,17.9566
2025-05-23,USD,17.9148
2025-05-26,USD,17.879
2025-05-27,USD,17.9228
2025-05-28,USD,17.9276
2025-05-29,USD,17.963
2025-05-30,USD,17.8463
2025-06-02,USD,17.889
2025-06-03,USD,17.863
2025-06-04,USD,17.7988
2025-06-05,USD,17.7783
2025-06-06,USD,17.7727
2025-06-09,USD,17.705
2025-06-10,USD,17.7421
2025-06-11,USD,17.714
2025-06-12,USD,17.8574
2025-06-13,USD,17.9451
2025-06-17,USD,17.8262
2025-06-18,USD,18.0225
2025-06-19,USD,18.0393
2025-06-20,USD,18.028
2025-06-23,USD,18.0514
2025-06-24,USD,17.7334
2025-06-25,USD,17.7325
2025-06-26,USD,17.5933
2025-06-27,USD,17.8626
2025-06-30,USD,17.7758
2025-07-01,USD,17.5977
2025-07-02,USD,17.6778
2025-07-03,USD,17.5013
2025-07-04,USD,17.5669
2025-07-07,USD,17.7975
2025-07-08,USD,17.7833
2025-07-09,USD,17.8278
2025-07-10,USD,17.7547
2025-07-11,USD,17.8262
2025-07-14,USD,17.8779
2025-07-15,USD,17.8003
2025-07-16,USD,17.9197
2025-07-17,USD,17.8866
2025-07-18,USD,17.6783
2025-07-21,USD,17.7144
2025-07-22,USD,17.6753
2025-07-23,USD,17.5484
2025-07-24,USD,17.5987
2025-07-25,USD,17.7393
2025-07-28,USD,17.8465
2025-07-29,USD,17.9428
2025-07-30,USD,17.8599
2025-07-31,USD,18.0415
2025-08-01,USD,18.2913
2025-08-04,USD,17.9911
2025-08-05,USD,17.9906
2025-08-06,USD,17.8696
2025-08-07,USD,17.7214
2025-08-08,USD,17.7139
2025-08-11,USD,17.7133
2025-08-12,USD,17.7031
2025-08-13,USD,17.5316
2025-08-14,USD,17.558
2025-08-15,USD,17.542
2025-08-18,USD,17.6215
2025-08-19,USD,17.647
2025-08-20,USD,17.7117
2025-08-21,USD,17.7345
2025-08-22,USD,17.6679
2025-08-25,USD,17.5312
2025-08-26,USD,17.6472
2025-08-27,USD,17.7313
2025-08-28,USD,17.6879
2025-08-29,USD,17.7493
2025-09-01,USD,17.5936
2025-09-02,USD,17.7166
2025-09-03,USD,17.6673
2025-09-04,USD,17.7572
2025-09-05,USD,17.6962
2025-09-08,USD,17.5336
2025-09-09,USD,17.4999
2025-09-10,USD,17.5582
2025-09-11,USD,17.5343
2025-09-12,USD,17.4027
2025-09-15,USD,17.3472
2025-09-16,USD,17.3587
2025-09-17,USD,17.396
2025-09-18,USD,17.3781
2025-09-19,USD,17.328
2025-09-22,USD,17.3245
2025-09-23,USD,17.3206
2025-09-25,USD,17.3153
2025-09-26,USD,17.4483
2025-09-29,USD,17.2734
2025-09-30,USD,17.2813
2025-10-01,USD,17.2143
2025-10-02,USD,17.1763
2025-10-03,USD,17.2491
2025-10-06,USD,17.2974
2025-10-07,USD,17.2065
2025-10-08,USD,17.1918
2025-10-09,USD,17.1897
2025-10-10,USD,17.2245
2025-10-13,USD,17.3369
2025-10-14,USD,17.4294
2025-10-15,USD,17.2752
2025-10-16,USD,17.336
2025-10-17,USD,17.4711
2025-10-20,USD,17.3151
2025-10-21,USD,17.335
2025-10-22,USD,17.4437
2025-10-23,USD,17.3687
2025-10-24,USD,17.3507
2025-10-27,USD,17.2372
2025-10-28,USD,17.2807
2025-10-29,USD,17.1213
2025-10-30,USD,17.2024
2025-10-31,USD,17.3066
2025-11-03,USD,17.3132
2025-11-04,USD,17.4412
2025-11-05,USD,17.4662
2025-11-06,USD,17.3537
2025-11-07,USD,17.3809
2025-11-10,USD,17.1989
2025-11-11,USD,17.1447
2025-11-12,USD,17.1285
2025-11-13,USD,17.0155
2025-11-14,USD,17.1141
2025-11-17,USD,17.0694
2025-11-18,USD,17.2121
2025-11-19,USD,17.1772
2025-11-20,USD,17.235
2025-11-21,USD,17.2863
2025-11-24,USD,17.3043
2025-11-25,USD,17.2687
2025-11-26,USD,17.175
2025-11-27,USD,17.156
2025-11-28,USD,17.1635
2025-12-01,USD,17.0792
2025-12-02,USD,17.0993
2025-12-03,USD,17.0626
2025-12-04,USD,17.0248
2025-12-05,USD,16.9318
2025-12-08,USD,16.9804
2025-12-09,USD,17.0342
2025-12-10,USD,17.0146
2025-12-11,USD,16.9054
2025-12-12,USD,16.8368
2025-12-15,USD,16.8422
2025-12-17,USD,16.7649
2025-12-18,USD,16.7531
2025-12-19,USD,16.7606
2025-12-22,USD,16.7002
2025-12-23,USD,16.6867
2025-12-24,USD,16.6744
2025-12-29,USD,16.7049
2025-12-30,USD,16.6592
2025-12-31,USD,16.598
2026-01-02,USD,16.535
2026-01-05,USD,16.4708
2026-01-06,USD,16.3194
2026-01-07,USD,16.4128
2026-01-08,USD,16.4725
2026-01-09,USD,16.552
2026-01-12,USD,16.4254
2026-01-13,USD,16.4201
2026-01-14,USD,16.3725
2026-01-15,USD,16.4105
2026-01-16,USD,16.3829
2026-01-19,USD,16.4549
2026-01-20,USD,16.4061
2026-01-21,USD,16.3629
2026-01-22,USD,16.2332
2026-01-23,USD,16.1806
2026-01-26,USD,16.0238
2026-01-27,USD,16.0663
2026-01-28,USD,15.8122
2026-01-29,USD,15.6943
2026-01-30,USD,15.9238
2026-02-02,USD,16.1213
2026-02-03,USD,15.9639
2026-02-04,USD,15.9529
2026-02-05,USD,16.0718
2026-02-06,USD,16.1649
2026-02-09,USD,15.9974
2026-02-10,USD,15.9474
2026-02-11,USD,15.8768
2026-02-12,USD,15.8872
2026-02-13,USD,16.0353
2026-02-16,USD,15.8914
2026-02-17,USD,16.0012
2026-02-18,USD,15.9805
2026-02-19,USD,16.056
2026-02-20,USD,16.1535
2026-02-23,USD,15.976
2026-02-24,USD,16.0264
2026-02-25,USD,15.9115
2026-02-26,USD,15.8753
2026-02-27,USD,15.8928
2026-03-02,USD,16.1702
2026-03-03,USD,16.2674
2026-03-04,USD,16.4995
2026-03-05,USD,16.5004
2026-03-06,USD,16.6164
2026-03-09,USD,16.9096
2026-03-10,USD,16.2629
2026-03-11,USD,16.3217
2026-03-12,USD,16.5524
2026-03-13,USD,16.8894
2026-03-16,USD,16.8637
2026-03-17,USD,16.7297
2026-03-18,USD,16.6461
2026-03-19,USD,16.9522
2026-03-20,USD,16.7824
2026-03-23,USD,17.1831
2026-03-24,USD,16.9333
2026-03-25,USD,16.8643
2026-03-26,USD,17.0435
2026-03-27,USD,17.1302
2026-03-30,USD,17.1646
2026-03-31,USD,17.0943
2026-04-01,USD,16.8446
2026-04-02,USD,16.9611
2026-04-07,USD,16.8258
2026-04-08,USD,16.4268
2026-04-09,USD,16.4651
2026-04-10,USD,16.4623
2026-04-13,USD,16.5285
2026-04-14,USD,16.3527
2026-04-15,USD,16.323
2026-04-16,USD,16.3818
2026-04-17,USD,16.3779
2026-04-20,USD,16.397
2026-04-21,USD,16.3786
2026-04-22,USD,16.4546
2026-04-23,USD,16.5343
2026-04-24,USD,16.6276
2026-04-28,USD,16.5781
2026-04-29,USD,16.5822
2026-04-30,USD,16.7766
2026-05-04,USD,16.6157
2026-05-05,USD,16.7613
2026-05-06,USD,16.4537
2026-05-07,USD,16.2942
2026-05-08,USD,16.4266
2026-05-11,USD,16.4093
2026-05-12,USD,16.5431
2026-05-13,USD,16.4604
2026-05-14,USD,16.4063
2026-05-15,USD,16.6666
2026-05-18,USD,16.6453
2026-05-19,USD,16.6332
2026-05-20,USD,16.6606
2026-05-21,USD,16.4709
2026-05-22,USD,16.4709
2026-05-25,USD,16.335
2026-05-26,USD,16.3474
2026-05-27,USD,16.3551
2026-05-28,USD,16.4136
2026-05-29,USD,16.2653
2026-06-01,USD,16.2397
2026-06-02,USD,16.1985
2026-06-03,USD,16.2974
2026-06-04,USD,16.2815
2026-06-05,USD,16.2815
2026-06-08,USD,16.5736
2026-06-09,USD,16.4599
2026-06-10,USD,16.5407
2026-06-11,USD,16.5422
2026-06-12,USD,16.2682
2026-06-15,USD,16.17
2026-06-17,USD,16.2296
2026-06-18,USD,16.3787
2026-06-19,USD,16.4775
2026-06-22,USD,16.4662
2026-06-23,USD,16.5092
2026-06-24,USD,16.6082
2026-06-25,USD,16.5344
2026-06-26,USD,16.455
2026-06-29,USD,16.4402
2026-06-30,USD,16.4072
2026-07-01,USD,16.415
2026-07-02,USD,16.3694
2026-07-03,USD,16.2146
2026-07-06,USD,16.2108
2026-07-07,USD,16.2385
2026-07-08,USD,16.3669
2026-07-09,USD,16.3523
2026-07-10,USD,16.3105
2026-07-13,USD,16.3575
2026-07-14,USD,16.4817
2026-07-15,USD,16.3712
2026-07-16,USD,16.3425
2026-07-17,USD,16.4794
2026-07-20,USD,16.4782
2026-07-21,USD,16.4414
2026-07-22,USD,16.4819
2026-07-23,USD,16.4299
2026-07-24,USD,16.856
2026-07-27,USD,16.7234
2026-07-28,USD,16.777
2026-07-29,USD,16.7291
2026-07-30,USD,16.6428
2026-07-31,USD,16.5247
2026-08-03,USD,16.4738
2026-08-04,USD,16.4962
2026-08-05,USD,16.3924
2026-08-06,USD,16.3379
2026-08-07,USD,16.3213
2026-08-11,USD,16.2427
2026-08-12,USD,16.1776
2026-08-13,USD,16.1768
2026-08-14,USD,16.1744
